globalID_A,globalID_B
CK5176,BZ10879
AS62796,AS62796
BM22369,BM22369
DR96172,DR96172
CW799927,CW799927
BR107935,BR107935
CW876308,CW876308
CC74493,CC74493
AA138924,AA138924
EH1154213,EH1154213
BH137229,BH137229
AW192414,AW192414
CE55285,CE55285
CW872988,CW872988
DP3250,DP3250
BC66583,BC66583
CW280837,CW280837
BG51026,BG51026
AL50791,AL50791
CW155476,CW155476
DB171510,DB171510
CW457722,CW457722
DR68908,DR68908
AL303170,AL303170
EF99933,EF99933
EH828885,EH828885
CP39084,CP39084
CC101148,CC101148
CW813802,CW813802
CW99478,CW99478
CW1122379,CW1122379
BR8783,BR8783
EH1074354,EH1074354
AM49163,AM49163
CW1176107,CW1176107
AL119535,AL87291
BN466680,BN466680
CG128718,CG128718
CW727586,CW122703
EH868352,EH868352
BY594637,BY594637
CW693492,CW693492
EH694232,EL21583
CW162116,CW469837
EH637971,EH637971
DL242027,DL242027
BW45817,BW45817
BE309090,BE309090
AL249025,AL249025
CW608300,CW608300
AW97330,AW97330
EH272340,EH272340
DB262140,DB262140
CW1066928,CW1066928
BB95698,BB95698
BE378062,BE378062
EH225065,EH225065
CE58173,CW1030276
DL234603,DT169326
DT134409,DT134409
AK124076,AK124076
CW601334,CW601334
DZ57360,DZ57360
DA55812,DA55812
EH171189,EH171189
BP52629,BP52629
BY557433,BY557433
AA182478,AA182478
BR45261,BR45261
BB55638,BB72493
CH45416,CH45416
DE270687,DE270687
BR132731,BR132731
BY543711,BH136593
CW454407,CW772825
BB89109,BB89109
EH681219,EH681219
EH638865,EH638865
CW475722,CW1182829
DZ8672,DZ8672
DN94629,DN94629
BL417047,BL417047
AA158604,AA158604
BL326326,BL326326
BN451653,BN451653
DE289625,DE289625
AW83084,AW83084
EH1142278,EH137689
DR7756,DR7756
BE8321,BE250862
DR46979,DR29611
CZ37587,AP37809
CW845894,CW845894
DN94774,DN94774
BY30760,CG76528
BC57897,BC57897
BL407395,BL407395
BH61247,BH61247
DB9462,DB9462
ER17295,CP4198
EH237038,EH237038
EF73194,CB73432
EN68496,CS30949
AL246516,AL246516
CW976327,CW976327
CW72702,CW72702
CJ135591,CJ135591
CG12765,CG12765
BL229462,BL229462
CW493970,CW611190
CL31997,CL31997
EF26246,EF26246
BH184408,BH184408
BN8167,BN8167
BL142648,BL164487
EF151268,EF151268
EH470366,EH470366
DT69443,DT69443
BY401307,BY401307
EG51000,EG51000
CW1073992,CW1073992
EH1076508,EH1076508
BY620105,BY620105
EH768829,EH768829
DB12484,DB12484
DX13014,EF55832
BK45997,BK45997
CW1014351,CW1014351
DL194974,DL194974
CJ190315,CJ190315
CW974533,CW1347378
CW949093,CW949093
AH18033,AH18033
CJ44410,CJ44410
BH79396,BH79396
EH339444,EH282923
AY15877,AY15877
BP18002,BP18002
BN418977,BN418977
EH958667,EH958667
EH897325,EH897325
AL111317,AL111317
AN66456,AN66456
DH55535,DH55535
AA59653,AA103068
BH119063,BH119063
AX8782,AN51527
CJ140093,EH956654
BY501085,BY133202
CW142482,CW142482
CN88818,CN88818
DB248050,DB206231
EH864237,EH864237
EH681434,EH681434
AM89332,DD201553
BE68604,BE68604
AW87017,AW87017
BN412411,BN412411
AL50677,AL50677
EH650894,EH650894
DR94354,DR94354
EJ3049,EJ3049
DN111991,DN111991
CM67277,CM67277
DG39960,DG39960
AL166383,EH911500
EN36969,EN36969
BL509977,BL509977
CW572403,CW545672
CW517755,CW347111
EH592631,EH592631
DB79124,DB211346
BY82614,BY202801
CL4031,CL4031
EH448907,EH221470
EH637638,EH288346
DB66444,DB66444
AW215989,AW215989
CN88466,CN88466
EH432428,EH533862
CW347825,CW83972
AA164934,EH1027144
CJ149747,CJ149747
BP57753,BP57753
CA113666,CA113666
AS83961,AS83961
AM83579,AM83579
CG73177,CG73177
DL232533,DL232533
CW650275,CW623571
BL376482,BL376482
AL109233,AL109233
CG97230,CG180834
EH825789,EH825789
AL239900,AL239900
CW259760,CW259760
CW1025058,CW402823
EH1099084,EH1099084
DD149197,DD149197
BK44569,BK44569
AN108688,AN108688
AA189574,AA94070
EH773789,EH773789
AL249025,AL209818
DE292031,DE292031
BZ25461,BZ25461
BL447257,BL447257
EH480837,EH480837
EH811754,EH811754
DE71456,DE96499
AN18697,AN18697
DA43502,DA58133
BY468427,BY468427
DR104158,DR104158
CW805787,CW805787
EL82214,EL82214
BY670512,BY670512
AA154332,AA154332
BL328052,BL407533
BN519738,BN519738
DE271250,DE271250
EH414054,EH414054
DE241259,DE244411
DL209736,DL107567
CW845499,CW845499
BE447922,BE447922
CW185291,CW185291
EH957483,EH957483
CW1159478,CW368501
CZ94282,ER40280
DT142452,DT142452
EH669405,EH64376
AP70896,AP70896
EH1055294,EH1055294
DB260836,DB260836
DL174218,AX52302
EH770566,EH770566
DZ71015,DT64036
DE322127,DE322127
DE308477,DE308477
CB70053,CB70053
BY543875,BY514246
BY714645,BY714645
EH773803,EH773803
EP23069,EP23069
CW460541,CW460541
BR174310,BR174310
AS96646,AS96646
AN40864,AN40864
DD85834,DD85834
AM27154,AM27154
CW955900,CW955900
CW72602,CW72602
CW820495,CW820495
EH183221,BN194734
BE286190,BE304692
BE225994,CC50314
DE287233,DE326043
BE94541,BE94541
EH175808,EH245496
BE413950,BE413950
CJ128277,CJ128277
AE29558,AE29558
DY31903,DY31903
DB188586,DB188586
BZ23179,BZ23179
AP18277,CZ12769
BE41943,BE250862
BZ36404,BZ36404
EH1126051,EH997946
CW954387,CW954387
CW1251815,CW1251815
BC68827,BC68827
BY677877,BY677877
EH435843,AW216303
DE300599,DE300599
CW1072015,CW1101312
DY39001,EH733153
DR149826,DR149826
AA141753,AA141753
BR113067,BR113067
AM77025,AM77025
CW986706,CW97953
CK14248,CK14248
BY119541,BY119541
AF5004,AF2122
EH903175,EH903175
AK34180,AK34180
BN324825,BN324825
CC116103,CC116103
CW299279,CW299279
BL498407,BL498407
CZ44838,CZ44838
CT43347,CT43347
EH572052,EH572052
DR37710,DR37710
CA83786,CA83786
DP32096,DP47428
EH962351,EH962351
AR5839,AR5839
EH825545,EH825545
EH89769,EH89769
EF56537,EF56537
CM34706,CM34706
CW619004,CW619004
CW809104,CW955472
BR121465,BR121465
BL517432,BL517432
DZ6946,DZ6946
BZ66793,BZ66793
CJ132175,CJ132175
AA166619,AA166619
BB91819,BB91819
BP66967,BP66967
BE253814,BE253814
BN59401,BN59401
DT142240,DT142240
CY30005,CY30005
EH1110202,EH1110202
DX13417,DX13417
DT98696,DT98696
CW745359,CW745359
DR98517,DR98517
BN390229,BN390229
AN153798,AN153798
EH194945,EH194945
EH1318377,EH1318377
EB34098,AC16498
BZ57882,BZ57882
BY535575,BY535575
BN456091,BN456091
BY537852,BY537852
EH834895,EH834895
CW740853,CW740853
EH630246,EH630246
CW290677,CW1017319
AW123425,AM60913
DL184103,DL184103
CJ62722,CJ62722
EF133366,EF133366
BY515569,BY370202
BR158828,BR158828
CW873611,CW873611
DX61767,DX61767
AW223988,AW223988
CW1196378,CW1196378
EH460275,EH460275
DB293480,DB293480
CW639155,CW421589
BH130653,BH130653
CW517414,CW517414
AK3349,AK3349
AK56531,AK56531
DG42178,DG42178
CW180744,CW1328943
EH735724,CG128534
EH347031,EH264858
AW168095,AW168095
AW192056,AW192056
BY492079,BY73814
CW502668,CW502668
AN64436,AN64436
DP17347,DP17347
CW313962,CW455472
EH821470,EH821470
EH756173,EH756173
DR117568,DR117568
BE6287,BE6287
BL347725,BL347725
BE343202,BE343202
AL2126,AL2126
CW774026,BB72755
EM129999,EM129999
DE290491,DE290491
AZ10275,AZ10275
EH709300,EH709300
DD167018,DD167018
BH80565,BH80565
CW104882,CW104882
BR222182,BR222182
DB210301,DB210301
CW138868,CW138868
DK43454,DK43454
DE268293,DE268293
CW225649,CW349195
CW1159478,CW1159478
CS24892,CS24892
CA36495,CA36495
CC116916,CC116916
BR149505,BR149505
EH827821,EH827821
BY301954,BY301954
CW1019962,CW421589
BE435077,BE435077
BD99642,BD99642
BN156211,BN156211
AY26874,AY26874
AK97282,EH304960
BN372835,BN372835
CW825463,CW825463
CW808920,CW808920
CW629458,CW629458
CW54353,CW54353
BN90028,BN90028
CW470884,CW354406
EH966875,EH966875
BM21138,BM21138
EH907959,EH907959
EH209535,EH209535
CW1016234,CW1023001
BY88430,BY365487
CG95107,CG95107
AM99569,AM99569
CW1151078,CW907725
EL89385,EL89385
ER40221,ER40221
BE267512,BE267512
BL261971,DB240162
DN98339,DN98339
CW1255402,CW830473
CW728583,CW728583
BY422997,BY422997
BD22229,BD22229
CW742384,CW742384
BY593779,BY593779
DS56960,DS56960
AL221767,AL84118
CN57575,CN57575
BY672463,BY672463
BL309974,BL309974
BE318096,BE318096
CW659779,CW659779
CM53602,BR157341
EH1128010,EH1128010
CB70127,CB70127
EJ23624,EJ23624
BG39369,BG39369
AL75130,AL75130
CW522743,CW522743
DH55881,EG35557
EF172914,EF172914
EH1240725,EH1240725
CW848067,CW848067
AN120941,DN133290
EN39959,EN39959
EH907321,EH907321
CW650275,CW525258
BE384668,BE409012
AW155840,AW155840
DL243792,DL243792
DH55799,DH55799
BY730023,BY730023
DA98283,DA98283
BR161851,BR161851
BC52046,BC52046
AL109533,AL109533
BE328178,BE328178
BH21706,BH21706
CW725326,CW725326
DL209736,DL114868
BN440186,BN440186
EH1242788,EH1242788
BW32097,BW32097
EH1072285,EH1072285
CW1053742,CW1053742
EH973354,EH973354
DE126173,DE113827
BZ27905,BZ27905
BL154724,BL154724
BL351213,BL351213
EH921303,EH921303
DF16755,DF16755
BE278914,BE278914
BW51318,BW51318
DP39573,DP39573
DW51369,DW51369
CW510062,CW510062
CW408607,CW408607
DT96617,DT143766
AB2607,AB2607
BE379964,BE379964
CW629476,CW629476
CN69405,CN69405
DL208529,DL208529
AW32644,AW32644
EH564230,EH337379
DE176109,DE176109
CW984393,CW984393
DB221968,DB221968
CW1063169,CW1063169
EH828209,EH828209
BE39229,BE39229
CL33752,CL33752
CW295734,CW295734
AN154170,AN154170
CW1046466,CW425068
EF146114,EF146114
AP44471,AP44471
DX56922,DX56922
CW811612,CW811612
AN34126,AN34126
CN71398,CN71398
BY626998,BY626998
AL271160,AL271160
EP68216,EP68216
CC147049,CC147049
EN71759,EN50685
EH822494,EH822494
BE303282,BE303282
AW184946,AW184946
AW104712,AW104712
BY242447,BY242447
BY418243,BY418243
BL408602,BL408602
CW805792,CW805792
EN21357,EN21357
CW175878,CW1046012
EH1300612,EH1300612
AN103529,AN103529
BL407533,BL407533
BN219318,BN480327
AN8913,AN8913
DE300544,DE300544
DL187661,DL187661
DB33498,DB9200
EH901219,EH377055
DS102387,BY327808
BR49865,BR49865
BY576079,BY576079
DR102054,DR102054
AM39718,AM39718
DB237134,DB237134
AL294758,AL294758
EH874873,EH874873
CA24476,CA24476
CW86121,CW86121
EH616970,EH616970
BY586851,BY586851
CJ10227,CJ10227
EH1024983,EH1024983
DB41713,DB41713
DR61776,DR61776
EH114287,EH876571
DE237210,DE187017
CW79039,CW79039
CW213246,CW213246
DD83186,DD83186
CW152469,CW152469
EE3398,EE3398
BN475871,BN475871
BR98784,BR98784
AA167820,AA167820
BH8526,BH8526
DE243999,DE243999
CW997238,CW266772
AK139695,AK139695
EH667466,EH667466
DR87365,DR87365
AL33694,AL33694
BZ2047,BZ2047
BL261971,EH779676
CW605053,CW208884
AM102535,AM102535
CW835736,CW835736
CW384482,CW231806
BY619957,BY619957
DB198571,DB198571
EH1204622,EH1204622
BH64733,BH95766
EB45787,EB45787
DT150637,DT150637
BZ49625,BZ49625
CG87453,CG87453
BE142202,BE142202
CW920021,CW750432
CA66987,CW644799
BY682573,BY682573
CW1036810,CW1036810
BE84736,BE84736
BN425405,BN425405
EH231027,EH231027
CW1309486,CW1309486
EL3166,EL3166
CW251386,CW216625
AN143105,AN143105
EN71537,EN71537
DX36487,DX36487
BN411535,BN411535
CW854308,CW564407
AY36665,AY36665
EH1110679,EH1110679
BE237578,BE237578
BN337221,BN337221
BL282743,BL282743
EH440554,EH440554
BB49643,BB49643
DT93579,DT93579
DE274878,DE274878
CW669075,CW669075
BW17763,EH123852
BY372455,BY372455
EH1124694,EH1124694
DB245085,DB245085
CW990291,CW990291
BN441704,BN441704
BY338449,BY338449
BE249160,BE249160
DR66051,DR66051
AT23023,AT23023
BP43858,BP43858
BY671110,BY671110
CW128656,CW128656
BE376949,BE376949
EH917931,EH917931
DB289867,DB289867
AG46137,AG46137
CW71852,CW71852
AA100490,EH423288
EH1104198,EH1104198
CP12015,CP12015
EH240247,EH674237
CW1064993,CW1064993
AJ5554,AS98086
CW543117,EN35640
CA106152,CA106152
BN167660,BN167660
CB14417,CB14417
EH820203,EH820203
BE240458,BE240458
DB11634,DB11634
AW151111,AW151111
CW776427,CW776427
BN337694,DB182586
BL449262,BL449262
AW99934,AW163901
EG18761,EG53601
DK37773,DK37773
EH882919,EH882919
DT52507,AA102710
BY372804,BY372804
BK27326,BK27326
CW861001,CW861001
AK78736,AK78736
EH715536,EH715536
DN152889,DN152889
CW214422,CW201071
DD212722,DD212722
AN124793,AN124793
BE379394,BE379394
AN174398,AN174398
DD159773,DD159773
CW29649,CW29649
BH141144,BH141144
DD151027,DD151027
DP29920,DP29920
BE356345,BE356345
DB222218,DB222218
CW860037,CW860037
CW486815,CW486815
CW835927,CW835927
EM10869,EM10869
EH535597,EH535597
DL157680,DL157680
EF157889,DW20687
BL516320,BL516320
BN9703,BN9731
CW670212,CW670212
BM47474,BM47474
CW698616,CW698616
AP66226,AP66226
CM17086,CM17086
CW742907,CW742907
EF203286,EF203286
DB273219,DB273219
DG59037,DG59037
BZ3276,BZ3276
AW163620,AW163620
BE53066,BE53066
DA90293,DA90293
EF205391,EF205391
BH42977,BH42977
EH1003967,EH1003967
EM98827,EM98827
EG28457,BF13511
BB91764,BB91764
CZ41916,BL262197
AN74306,AN74306
CW348082,CW524370
EG59154,EG59154
EH1129785,EH1129785
CW790190,CW790190
BN325471,BN325471
BR180879,BR180879
AL225585,AL225585
EH515849,EH515849
DD113075,DD113075
AP75842,DH4698
CH49931,CH49931
BN159209,BN159209
CC86824,CC86824
DC3906,DC3906
CG109230,CG109230
BN345699,BN345699
CW793752,CW793752
DB211346,DB211346
DP45101,DP45101
AL225945,AL225945
CW1014596,CW1014596
CT16171,CT16171
DP23822,DE116694
BY542046,BY542046
CW583073,CW583073
AN149882,AN149882
BP60786,BP60786
DL254223,BE203733
ED26066,ED26066
EH567657,EH782891
AL120439,AL115381
DA28924,DA28924
DD131421,DD131421
DA48356,DA48356
CW219497,CW741616
CW794172,CW794172
BL394330,BL394330
CW1001555,CW1001555
BN393858,BN393858
BR121694,BR121694
BB62026,BB62026
AS54574,AS54574
DE276223,DE276223
EB61356,EB61356
CE10441,CE10441
BB87770,BB87770
AW173139,AW173139
EH930024,EH930024
DN141327,DN141327
BH119063,BH131746
DW66158,DW66158
EH116364,EH116364
AX40335,AX40335
CW924563,CW924563
AL184998,AL184998
AL209065,AL188352
EH1250255,EH1250255
EH1185277,EH1185277
AA143858,AA143858
CW57075,CW57075
CJ12277,CJ12277
AM69283,AM69283
EF34675,EF34675
EH1052996,EH149164
BR203762,BR203762
CW175187,CW175187
CW1329149,CW1329149
AB13429,AB13429
ER43988,ER43988
BN464648,BN464648
AL182530,AL182530
BY556927,BY556927
AN36504,AN36504
EH1084375,EH1084375
DF18812,DF18812
CC128766,CC128766
CW162116,CW122703
EH667776,EH667776
BY398893,BY398893
BN136067,BN136067
BP67712,BP67712
AM18151,AM18151
EH1127497,EH1127497
CW145548,CW145548
CZ87541,CZ87541
EH61568,EH61568
CW43014,CW380328
CW59124,CW59124
BN301182,BN170860
BE280235,BE280235
BY277318,BY99414
EP87823,EP87823
DT52894,DT52894
CG20806,CG193330
DS66772,EM56900
AN31932,AN31932
BZ59836,BZ59836
DA111211,DA111211
CJ116563,CJ116563
CW470795,CW430951
EH903586,EH903586
BL141979,BL141979
EH1128583,EH1128583
CW235090,CW170495
AL241338,AL241338
CW564210,CW564210
BY519265,BN543907
EH791288,EH791288
AK155189,AK155189
CW517710,CW611619
BY46586,BY105199
BE303185,CW577267
DA85191,DA85191
EG51887,EG51887
AP81115,AP81115
BR193001,DD90591
DL46513,DL46513
BE110724,DE128679
EH689756,EH689756
DE298891,DE298891
BY335780,BY335780
CW274234,CW274234
DR12238,DR12238
AL186798,AL186798
AN169039,AN169039
EH872789,EH872789
CW758653,CW758653
EH362051,EH362051
ES22316,ES22316
BY165844,BY165844
BJ27327,BJ27327
CJ200945,CJ83035
CW210990,CW210990
EM83691,EM83691
EF17489,EF17489
CW469101,CW606063
BP48038,BP48038
EJ15483,CC151524
EF114239,EF114239
DB55499,EH51000
AW46886,AW46886
EH556422,EH556422
DD168017,DD168017
CZ64839,DB25014
BN480693,BN480693
CW718565,CW718565
BH137066,BH137066
EM56696,EM56696
DY12360,DY12360
AL65338,AL65338
BM46188,BM46188
BN532394,BN532394
BY204237,BY204237
CW489717,CW489717
BN341626,BN341626
BN383235,BN383235
AL350921,AL350921
BN505635,BN505635
DS98974,DS98974
BY159646,BY159646
BR199493,BR199493
DB34986,DB17038
DA91091,DA91091
CW459120,CW459120
AL275499,AL275499
BL265179,BL265179
BY555317,BY555317
CW1294808,BN463049
AW136619,AW136619
BE309493,BE309493
BY621849,BY621849
CS32169,CS32169
AW77055,AW77055
BE196592,BE196592
DP52130,DP52130
BE39656,DN94413
EH976211,EH976211
EH860065,EH264858
AN132184,AN132184
DD149061,DD149061
EH684669,EH684669
CC110917,CC110917
ER37500,CB77071
BH64695,BH64695
BW13322,BW42701
BH177219,BH177219
DS99424,DS75682
BJ13893,BJ13893
DR42726,DR42726
BR99800,BR99800
EH966367,EH966367
BH144998,BH144998
CW229564,CW229564
EF158328,EF158328
BL386019,AN61634
BB90582,EH936999
EH641900,EH641900
DE293352,DE83244
EH1298996,EH1298996
AL122434,AL40502
BZ34348,BZ34348
BN354205,BN354205
DZ61730,DZ61730
DB274090,DB274090
EH701371,EH701371
CC10479,CC10479
BE399010,BE399010
DB256553,DB256553
BM30270,BM30270
ED40583,ED40583
BE368537,BE368537
BY491161,DD70129
AT2752,AT2752
DB323211,DB323211
CP2394,CP2394
CW629125,CW629125
EN35926,CA24128
CW325005,BL182975
AM97635,AM97635
CW441520,DE94235
AD25012,AD25012
CW1068426,CW1068426
CW1301535,CW1301535
CW297866,AL57499
EF31364,EF157946
DE256749,CL57158
EH1022931,EH1022931
CW279853,CW196526
CZ65249,EH592631
BE270056,BE270056
ED54635,ED54635
CW97146,CW97146
CW97826,CW1074242
CZ9005,CZ9005
DN106213,DN106213
AN143441,AN143441
BR155607,BR155607
DW56527,DW56527
CC136333,CB33199
AX24273,AX24273
AP2775,AP2775
BL349520,BL349520
CW1155769,CW1155769
EH1156851,EH1156851
BY578998,BY578998
EH629929,EH629929
DH47841,DH47841
BY619535,BY619535
BM67387,BM67387
CW968576,CW968576
CW990732,CW990732
EH1316351,EH1316351
DE170138,DE170138
EH841813,CC114079
EH111551,EH111551
CW1293976,CW1110498
CG108183,CG108183
CW239949,CW239949
BL489342,BL489342
DX49233,DX49233
CW792290,CW792290
CW1006015,CW1006015
CW376273,CW1071747
BL270763,BL270763
BL274025,BL274025
CW234840,DE57573
BN400652,BN400652
AL330753,AL330753
CW1198920,CW412811
DD164420,BY682517
DT64203,DT64203
EH857991,EH857991
EH757369,EH757369
BE433433,BE433433
BE319565,BE319565
CA95061,CA95061
CW1106317,CW1106317
DB185226,DB317215
DE218690,CW991195
CW601501,CW601501
CW1175994,CW1175994
AA165130,AA165130
CW1005540,CW1005540
CW930929,CW930929
BY341421,BY338296
EH1204348,EH1204348
AA166090,AA166090
BR154117,BR154117
BE299453,BE299453
AW182409,AW182409
AP62876,AP62876
CW1273018,CW1273018
CW563288,CW563288
AN205791,AN205791
BE350162,BE350162
CC151970,CC151970
CJ140093,AL311555
CA52494,CA52494
BH11985,BH12066
CS5027,CS5027
AW202949,AW202949
EH684302,EH684302
CC82676,AM22096
AL230702,AL230702
EH828269,EH828269
BY610888,BY610888
CH35868,CC101010
CW782819,CW253328
CJ135470,DL188171
AG34528,AG34528
DB166463,DB166463
EH790488,EH808583
AJ42533,AJ42533
BH79927,BH79927
DR106049,DR106049
EP71618,EP71618
CW781790,CW781790
AP61290,AP61290
CW955472,CW955472
EF163917,AL311555
DX64582,DX64582
EH959190,EH959190
CW1120041,CW1120041
EH820936,EH820936
BZ38328,BZ38328
EH952417,EH952417
DN119981,DN119981
EH1021388,DE289947
AG48139,AG48139
CS31818,CS31818
CW498346,CW498346
CC12673,CC80097
CC24392,ED13869
DT155200,DT155200
CW851689,CW851689
CW921186,CW921186
CC44141,CC44141
AE32352,AE32352
AG50361,AG50361
DD93483,DD93483
AD30420,AD30420
CW1085928,CW1085928
BC46451,BC46451
AX6256,AX6256
CG90155,CG90155
BR165580,BR165580
EH405553,EH405553
EH448748,EH448748
CW893281,CW510062
EH748222,EH748222
CW319343,CW319343
EL42729,EL42729
EH1159792,EH1181474
CC140651,CC140651
DN137655,DN137655
CH61358,CH61358
CW734171,CW734171
DL116552,DL116552
EH1271514,EH1271514
BL357642,BL357642
CJ140887,CJ140887
DR12665,DR12665
EH258197,EH258197
BR119537,BR141123
AL14076,AL14076
BY572724,BY572724
DW55215,DW55215
BZ28428,BZ28428
DL254223,DE253483
EA19819,EA19819
CW643614,CW223164
BD132156,BD132156
CA100803,CA100803
EF28215,EF28215
EH688176,EH688176
BN38889,BN38889
DL188640,DL188640
CW142326,CW316469
AA154314,AA154314
BN135163,CL33042
CW717772,CW717772
EF195414,EF195414
DL109942,DL109942
AL193127,AL193127
CN82423,CN82423
CW110665,CW110665
DB105286,DB105286
CW41993,CW15486
BY142417,BY142417
DT34663,DT34663
DL237231,DL237231
DE274205,BK39505
CW531299,CW531299
DZ68879,DZ68879
CW707632,CW707632
DR44286,DR44286
CL43684,CL43684
AN17936,AN17936
BY594370,BY594370
CW614481,CW614481
AM40023,CY19114
DT156955,DT156955
BL262611,BL484612
AW154834,AW154834
EH545981,EH545981
BL379743,BL379743
EH97618,EH97618
DT44111,DT44111
CW911061,CW911061
AA152480,AA152480
AD30827,AD30827
AL14626,AL14626
BR49518,AW168082
CX19216,CX19216
CW847569,CW847569
BE316044,BE316044
CW470157,CW470157
AL341191,BH134730
CW70628,CW649843
BY201004,BY201004
CW855036,CW855036
BK42362,BK42362
AZ13019,AZ13019
CW454351,CW454351
BN9703,BN22785
CJ142240,CJ142240
BC54287,BC54287
EH645773,EH645773
EN3408,EN3408
CW570882,CW570882
EH1122660,EH1122660
CW853681,CW232356
AA184454,DE287867
AN89718,AN89718
EH1178182,EH1178182
BL141979,AL57499
AP16925,AP16925
CZ73644,CZ73644
BH9162,BH9162
EH535597,EH409522
EH597454,EH597454
CE35351,CE35351
CW765780,CW985828
AA114349,AA114349
BE369081,EM116364
EF176854,EF176854
AP81632,AP81632
AM90512,AM90512
BN436855,BN436855
BF37912,BF37912
BB95704,BB95704
DD126749,DD126749
CG149896,CG149896
AN84187,AN84187
CW1141642,CW1141642
CW707895,CW821279
BY618651,BY618651
DW24452,DW24452
EH885995,EH885995
CW537329,CW537329
BR171513,BR171513
BL148620,BL148620
BN412444,BN412444
EH323792,CJ52662
AA187547,AA187547
DE267341,DE267341
DB29212,DB29212
AN92250,AN92250
DB191957,DB182586
BE221968,BE221968
DB135988,DB188200
CW447555,CW471414
AA100490,DL76801
CS32613,CS32613
CA7407,CA7407
CW407867,CW407867
AL85094,AL85094
DX28506,DX28506
BY745273,BY745273
DE254819,DE254819
DN137363,DN137363
AN74233,AN74233
EF190587,EF190587
CW185462,CW362698
DS100780,DS100780
DR123152,DR123152
CT51778,CT51778
EH584881,EH584881
CW1229718,CW1229718
CW694405,CW162116
EH570561,EH570561
CC136333,AL193354
BH9089,BH9089
DL173280,DL173280
EF37993,EF37993
BH11736,BH11736
CK6910,CK6910
DH61216,DH61216
CW239132,CW208884
EH47777,EH47777
AK97282,CZ39741
CG191958,CG191958
CW669824,CW669824
EG47732,EG47732
AN18924,AN18924
BR201814,BR201814
BN375226,BH143694
BN278775,BN278775
BN400632,BN400632
EF24027,EF24027
EF11734,EF11734
BH140197,BH140197
EM114994,EM114994
CW810732,AN141901
BB12754,BN418335
BN367562,BN367562
EH482716,EL29551
EF145268,DZ54124
EH1253852,EH1253852
DB183959,DL166170
AN83162,AN76170
CJ116246,CJ116246
AP37605,CG128534
BY611228,BY611228
BE10393,BE10393
EM130890,EM130890
EF145268,EG35557
BY359640,BY359640
DZ66646,BB80368
AL53690,AL53690
DL243751,EH50129
BR202955,BR202955
CE37897,CE37897
EH619838,EH611657
EH1129708,EH1129708
CT10420,CT10420
BE290060,BE290060
BR157116,BR157116
BN508538,BN508538
DL147940,DL147940
EH825029,EH825029
BN455994,BN455994
EH830765,EH830765
DT167399,DT167399
EH160170,EH160170
DE296736,DE296736
BB36566,BB36566
BE405326,BE405326
AX36048,AX36048
EH750875,EH750875
CW864325,CW742384
DD145835,DD221613
BL408291,BL408291
BE359046,BE298891
EH473481,EH473481
DB304227,DB304227
BR127927,BR127927
CA135770,CA135770
DB135911,DB135911
DC21791,DC21791
BE174399,BE174399
CL15194,CL15194
AA136497,AS98086
EH828548,EH828548
CW1067856,CW1067856
DA46429,DA46429
DB296313,DB296313
AL58064,AL58064
BL131514,BL131514
BY532055,BY532055
EH732722,EH732807
AG46820,AG46820
BY609638,BY609638
BY514246,BY514246
CW352726,CW673453
AM97474,AM97474
DB209311,DB33799
EH1072409,EH1072409
EF13945,EF13945
DL92048,DL92048
CW778355,CW778355
DZ36373,DZ36373
AZ9598,AZ9598
BK37156,BK37156
DB324857,DB324857
EH867623,EH867623
EH706091,EH706091
BL386524,BL386524
BY598910,BY442913
AS62439,AS62439
EH334359,EH334359
BA11261,BA11261
CN65215,CN65215
CZ44781,CZ44781
AL128876,AL128876
CW931483,CW931483
EF138191,EF138191
DT18340,DT18340
CL53302,CL53302
BL502388,BL502388
CW486415,CW486415
AN198946,AN198946
EF92946,CC69830
AP61937,AP61937
DY20063,BE407678
EH412385,EH412385
BE144594,BE135953
EH1105548,EH1105548
BL499145,BL499145
CG155779,CG155779
BN50818,BN72932
EA46121,EA46121
AN207292,AN221083
DB221083,DB221083
BN14309,BN14337
CW1064594,CW1064594
AM28441,AM28441
BN408209,BN408209
CW41008,CW88280
BD92590,BD92590
DL232376,DL232376
BN50818,BN45789
CC65538,CC65538
CC127648,CC127648
CC100737,CC100737
EH113957,AF17807
BL390241,BL390241
BE243329,BE243329
DH55881,DH55881
BN298658,BN298658
DR63631,AS62609
EH54982,EH245496
DG27356,DG27356
BR37177,BR37177
EN25836,EN25836
CW1201104,CW1201104
AG50136,AG50136
BH141265,BH141265
EH970129,EH970129
EL99476,EL99476
DR143749,DR143749
DD29047,AL80148
CT43173,CT43173
DK46945,DK46945
EP33385,EP33385
CB49985,CB49985
CW507690,CW507690
AP9064,AP9064
AN94015,AN94015
CW368461,CW1072367
DD109073,DD109073
EJ28957,EJ28957
CW127895,CW127895
DR28132,DR5458
DR75602,DR75602
AN144873,AN144873
AJ34374,AJ34374
CW650354,CW434206
CW442428,CW442428
CW737836,CW737836
EH933823,EH933823
CW646446,CW646446
BL347838,BL347838
CN53977,CN53977
DE289826,DE289826
CW692306,CW692306
EN79097,EN79097
EH769221,EH769221
EH882839,EH882839
BL359205,BL359205
EH830282,EH830282
DN126118,DN126118
AW31245,AW100197
DZ16805,DZ16805
DH59102,DH59102
EP58530,EP58530
AB5467,AB5467
EH801984,EH801984
EH770566,DE154467
EA4464,EA4464
BG47450,BG47450
CW322572,CW381497
CC112806,CC112806
EH863087,EH863087
EB53957,EB53957
DS102387,AL211408
DS96722,DS96722
CW772825,CW772825
BN345637,BN345637
DZ11922,DZ11922
DL166170,DL166170
EH805751,EH805751
CW552728,CW552728
DK30575,DK30575
EB41240,EB41240
EH1150808,EH1150808
CW428417,CW428417
BC36751,BC36751
AK79305,AK79305
AL184579,AL184579
EL23068,AW148887
DZ55636,DZ55636
BN120375,BN317195
CW96802,CW469837
CJ30291,CJ30291
DE295077,DE295664
EH1120453,EH1120453
CW1294808,CW833926
CN60086,CN60086
BL86849,BL86849
CM51394,CM51394
BN407454,BN407454
EF199460,EF199460
BP36712,BP36712
AM92376,AM92376
EB66074,EB66074
DZ65342,DZ65342
EH1317607,EH1317607
EH716912,EH1134056
DR119173,DR119173
CW95647,CW95647
DB96849,DB96849
AG5240,AE8429
BM13813,BM13813
BN439838,DE75966
EH1025835,EH1025835
EH1253852,BH184479
DK31583,DK31583
BH155271,BH155271
BN538348,BN538348
CW1034380,CW1034380
DR118244,DR118244
AS65227,AS65227
CW616110,CW347111
CJ140093,CS30949
BN459001,BN459001
EM78004,EM78004
CW933116,CW933116
CW1028586,CW1028586
BD82887,BD82887
EH1156902,EH1156902
EH94010,EH94010
DB268170,DB268170
DN113587,DN113587
DK43185,DK43185
CW439800,CW439800
EK12196,EK12196
CW381722,CW381722
EM74164,EM74164
CW543117,DL168310
AX34493,AX34493
DT53056,DT53056
BY370351,BY370351
DE214513,DE214513
BH136789,BH136789
CW895825,CW895825
DT51754,BR88966
BN373990,EH927410
EH671841,EH392472
CG132635,CG132635
EH437021,EH437021
BW52796,BW52796
BY496463,BY496463
DR52064,DR52064
EH1130026,EH1130026
EF117979,EF117979
DT33405,DT33405
CW242938,CW421399
CW769819,CW769819
DN84503,DN27768
BL507408,BL507408
BN306089,BN306089
AK19019,AK19019
AF27087,AF27087
BR17089,AA95622
BH123451,BH123451
AN5963,AN5963
EB48098,EB48098
AL208692,AL208692
EB67426,EB67426
CM17888,CM13481
BE184640,BE184640
BT12353,BT12353
AA63367,AA63367
DD164420,CW595746
DB265389,DB265389
EM89495,EM89495
DZ54294,DZ54294
CG144363,CG144363
CA66987,CW324123
AL38033,AL38033
CW239132,CW617307
BN107087,BN107087
EL80828,EL80828
AA86635,AA86635
BL247288,BL247288
DD198793,DD198793
EH748628,EH748628
BN133757,BN133757
CZ84619,CZ26195
CW811932,CW811932
CW46911,CW46911
AK12999,AK12999
DR33236,DR62614
EH927551,EH927551
BS11732,BS11732
BE305222,BE305222
BE97546,BE97546
DX49151,DX49151
CW605053,CW617307
DT111028,DT111028
CW299888,CW299888
EH1146647,EH1146647
CX19197,CX19197
BR155208,BR155208
CW824900,CW824900
DT87582,DT87582
DS99434,DS99434
BZ31177,BZ31177
BH149492,BH149492
BN329614,BN329614
DN125756,DN125756
CW264584,CW398198
EH919377,EH919377
BK26886,BK26886
DP34486,EF135929
BY331459,BY331459
DE46926,DE46926
AW158873,AW158873
EH918310,EH918310
AG12816,AG12816
DA62568,DA62568
CW867068,CW867068
DR38704,DR38704
CW127631,CW147848
CW406810,CW1078855
DC13603,DC13603
EH958888,EH958888
DE322127,DE273253
CW231956,CW231956
BY64111,BY64111
DA42429,DA42429
ER21784,ER21784
BN210809,BN164308
DS91147,DS91147
EH118361,EH118361
EH958482,EH958482
EH997750,EH997750
BL427213,BL427213
CL49444,CL49444
EH627530,BN302384
AG44186,AG44186
AL98055,AL98055
EM103578,EM103578
BZ11725,BZ11725
BN426313,BN426313
EH948542,EH948542
EJ22412,EJ22412
BE259281,BE259281
BE437458,BE437458
EH90903,EH90903
CW101346,CW101346
CB70478,CB70478
AG51189,CS30949
CW698192,CW698192
CW43788,CW602333
CT5863,CT5863
CW396395,CW1313574
CW647729,CW647729
CW494254,CW494254
BY102591,CS9786
BM23950,BM23950
EH62442,EH371921
BP50949,BP50949
CW530596,CW530596
EH1084185,BL402014
BR124805,CW125068
DL274213,DL274213
CW778251,CW778251
BH151602,BH151602
BR134323,BR134323
AL326058,AL326058
CW915058,CW915058
DH40272,DH40272
AY43407,AY43407
AA178006,AA178006
EH782898,EH782898
EG40722,EG40722
BN381502,BN505781
EP94187,EP94187
CW929013,CW929013
BN307673,BN307673
AS4750,AS4750
CW1312648,CW1312648
BN331665,BN408076
CW1202445,CW1172988
CW1002913,CW939591
EH645564,EH645564
BN345776,BN345776
DE176109,BP39769
DL131041,DL131041
AW88886,CA50534
CW40433,CW40433
CM10097,CM10097
DD140780,DD157332
BY266916,BY266916
DB275198,DB275198
DL205507,DL205507
BL244503,BL259179
EH615765,EH615765
BZ43004,BZ43004
BF10820,BF10820
AL211952,AL211952
BE165936,BE165936
CW825817,CW535150
CT53432,CT53432
EP65511,EP65511
BH81979,BH81979
EH682615,EH682615
BY581570,BY581570
BL434954,BL434954
AN28971,AN72325
AP30923,DD37191
CW125012,CW125012
BD157337,BD157337
EH756535,EH8734
AN75909,AN75909
EB9099,EB9099
CM17888,CM17888
CW1034291,CW1034291
CW1197270,CW930929
EP68664,EP68664
BP71567,BP71567
EC5173,EC5173
DE258539,DE258539
AE21097,DN79454
BZ22849,BZ22849
DR70792,DR70792
DT123616,DT123616
CW955472,CW809104
BR227686,BR227686
CW386826,CW386826
BE236744,BE236744
BN415976,BN415976
BY637852,BY637852
EM43573,EM43573
BL379054,BL379054
AW129999,AW129999
EH606711,EH606711
BY230170,BY23718
BY537834,BY537834
AL247426,AL247426
AN214916,AN214916
BG29809,BG29809
BY615452,BY615452
AW164871,AW164871
AM72303,AM72303
BE240998,BE240998
BN487191,BN487191
AN33411,AN33411
DL235329,DL235329
BY116819,BY116819
DR39458,DR39458
CW545342,CW545342
CW590109,CW590109
BL503282,BL503282
DP47796,DP47796
CC108619,CC108619
CW770027,CW770027
BL261971,EF88924
CW776427,CW561199
CM13683,CM13683
CG136839,CG136839
AL146633,AL146633
EP46763,EP46763
CW863301,CW863301
DB66482,DB306491
BH160172,BH160172
BN9703,BN46577
DT52097,DT52097
BN6297,BN156921
BW60065,BW60065
DN128056,DN128056
EH1105058,EH1105058
BL224986,BL224986
DL155867,DL155867
BL123517,BL123517
AK26598,AK26598
CG7899,CG7899
BS14466,BS14466
EB50295,BR45335
BL222934,BN381502
CT7231,CT3177
DE289705,DE289705
EB63648,EB63648
DL157133,DL157133
BR109963,BR109963
DD130971,DD130971
CS26923,CS26923
CZ107445,CZ107445
BH168115,BH168115
AN205790,CL10814
AS72232,AS72232
DA33652,DA25756
BY715191,BY715191
CT45011,CT45011
AW60423,AW60423
BL304572,BL304572
AS46070,AS46070
AA186091,AA96238
CW1245598,CW1245598
CJ196994,BL503708
EH778141,EH778141
EH665804,EH665804
EH699321,EH699321
EL25176,EL25176
BY673461,BY620891
BZ27775,BZ27775
AC3208,AC3208
DR28154,DR28154
DE186891,DH41256
AX41245,AX41245
DR35918,DR35918
DR15851,DR15851
CC38899,CC38899
CW853237,CW799773
EH1204594,EH1204594
EH665978,EH665978
EH840106,EH840106
BN336884,BN336884
BL513454,BL513454
AL312866,AL312866
EH1034811,EH1034811
CW778712,CW778712
CW967268,CW934345
AN164117,AN164117
CW668329,CW668329
CM24237,CM24237
EH762361,EH762361
EH221661,EH221661
BL104735,BL104735
BN123571,BN123571
CW222786,CW222786
EF3799,EF3799
AZ13538,AZ3906
AN217810,AN217810
EH1123635,EH1123635
EH1131492,EH1131492
BH64772,BH154470
BL421945,BL421945
BS12261,BS12261
BG33686,BG33686
BE239497,BE239497
BZ51330,BZ51330
DX2255,DX2255
BL257392,BL257392
CW673222,CW673222
BH114238,BH131746
BY673474,BY673474
DL89767,DL89767
DR63631,DR63631
AW16516,AW16516
AK71137,AK71137
DY38550,DY38550
AX3989,AX3989
BR146922,BR146922
CW223276,CW223276
EH648967,EH648967
DL220833,DL220833
BN398492,BN544298
DL218449,DL218449
BN337803,BN337803
BL287092,BL287092
DN135645,DN135645
AB34975,AB34975
CJ125255,CJ125255
BL254941,BL254941
DH12040,DH12040
BP57191,BP57191
DL254282,DL254282
BE22584,BE22584
CW684081,CW693492
DW16417,DW16417
AL224016,AL224016
AW187040,AW187040
CL49629,CL49629
BE45738,BE45738
EH32307,EH32307
CW426046,CW336274
CW199674,CW199674
BL159322,EH777400
DH47626,DH47626
DL259014,DL259014
EH703405,EH703405
EH223406,EH223406
AS62910,AS62910
CW41993,CW41993
CB29513,DL181412
BN520110,BN520110
AL129643,AL129643
DJ7813,BY69578
CW937594,CW617418
EH881346,EH881346
CW879921,CW881349
BL519459,BL519459
CW498346,DE94897
EF103469,EF103469
DA71567,DA71567
CW808420,CW808420
CW1253730,CW748374
CW595151,CW133941
BY411464,AK48931
CW76878,CW76878
DG48309,DG48309
EH258018,DB195678
CW204037,CW1348180
DX3082,DX3082
DE274205,CW287954
DS86488,DS86488
EH825385,EH825385
BS14253,BS14253
BL470521,BL470521
BH163790,BH163790
AL195651,AL195651
BN426380,BN426380
AL259553,AL259553
EH383232,EH383232
DN143360,DN143360
BN179698,EP29781
AL88263,AL88263
BE344093,BE344093
EM96864,EM96864
BY517008,BY517008
BK45197,BK45197
DN145819,DN145819
DB167137,DB167137
CW214611,CW214611
EH546910,EH546910
BL380857,BL380857
EP93462,EP93462
EB15880,EB15880
DR126514,DR126514
BH97358,BH97358
BZ37787,BZ37787
BE379744,BE379744
BN186742,BN186742
AP81685,AP81685
ER40846,ER40846
AL190690,AL190690
DN79454,DN79454
DB143247,DB143247
DG39784,DG39784
CW177142,CW207023
CW861243,CW133941
BD122125,BD122125
BC62320,BC62320
EM79350,AM88205
BN372899,BN336884
EL44950,EL44950
DE259308,DE259308
EH826873,EH472410
BY601897,DK18952
EH132095,EH125403
BY661691,BY45181
EF119824,EF119824
AN136821,AN136821
CW1072798,CW1072798
BD62212,BD62212
AN159226,AN159226
EH1063902,EH410610
BY542396,BY542396
AH2037,AH2037
BB15957,BB15957
CT44196,CT44196
CH47241,CH47241
AL294251,AL294251
DP38477,DP38477
EF202092,EF202092
AL307989,AL307989
CD6047,EH304960
CW857633,CW857633
EH270317,EH270317
BE276679,BE276679
AM51866,AM51866
AG36623,AG36623
BE231403,BE231403
DR109746,DR109746
CA91524,CA91524
BE443673,BE443673
DN118025,DN118025
CG168240,CG168240
BN293129,BN202215
BE312410,BE312410
AL76925,AL76925
CW940791,CW952084
BL248255,BL248255
CJ6655,CJ6655
CW734826,CW304074
AM89332,EH998655
CW419479,CW124750
BY517505,BY517505
DE235367,DE235367
DP23822,BN364847
CW1066938,CW1066938
DA101388,DA101388
BN354616,BN354616
CJ154982,CJ154982
CW610780,CW426262
BR144570,BR144570
DB70007,DB70007
EH421978,EH421978
BE404370,BE216936
EH1145402,EH1145402
EM118673,EM118673
BE336136,BE336136
AD27461,AD27461
AG41714,AG41714
CJ40898,CJ40898
DA2950,DA2950
AW184777,AW184777
EF94320,EF94320
CW481241,DY12624
DA93173,DA93173
EH1078680,EH1078680
CG141767,CG141767
BW32276,BW32276
CW451104,CW83752
BH112034,BH112034
CJ37345,CJ37345
DE194012,DE194012
AD26990,BL356201
CW4254,CW4254
AK113306,CA133633
BL458531,BL458531
BL266052,BL266052
BL449068,BL449068
AA116891,BN168124
BY757095,BY608711
CC101842,CC101842
DD188151,DD157332
BL413093,BL413093
BY417689,BY417689
BL445511,BL445511
DE276142,DE276142
EH1269040,EH1269040
AN56697,AN56697
AA100490,BL182975
EJ25325,EJ25325
CW46911,CW1076955
EF179973,EF179973
DS102387,BR98430
CW1365373,CW1115329
CG3941,CG3941
EH660374,EH660374
BH23228,BH16970
EL92906,EL92906
CW958322,CW863288
BH39964,BH39964
CJ75077,CK11129
BA18420,BA18420
BY102210,BY440846
EH1098989,EH1098989
CW970450,CW970450
CW427036,CW83972
BL510199,BL510199
BE87897,BE87897
DL241688,CM51394
EH517823,EH517823
ES15027,ES15027
CJ104272,BN94207
BL518957,BL518957
BX3282,BX3282
DS103190,DS103190
CW712523,CW712523
BL261633,BL261633
EH497774,EH497774
CW84919,CW334254
EH179137,EH179137
BN312621,BN312621
CW1229250,CW905158
CW348167,CW348167
CJ96786,CJ96786
EH708429,EH708429
BY189534,BY238351
CJ141006,CJ141006
DB177666,DB177666
BY553200,BY553200
CW134320,CW134320
BE357595,BE79617
CW1078011,CW1078011
AK116097,AK116097
EH282853,EH282853
CW362868,CW180765
CW45843,CW45843
DB237894,DB237894
AM83418,AM83418
EP39482,BY356221
DT95105,DT95105
CW382551,CW382551
BY228960,BY228960
AA205518,AA205518
BN514321,BN514321
CZ15782,CZ15782
CW610780,AW76987
BL118218,BL61282
DB193733,DB319280
EH1266337,EH1266337
BY542419,BY542419
EH475047,EH475047
CW1044906,CW1044906
AS12249,AS59834
AL102289,AL102289
EH482563,EH482563
EH444854,EH444854
BD119958,BD119958
BE199927,BE199927
CW922540,CW1292717
DB284341,DB284341
AW208285,AW208285
CN60136,CN60136
EH1021541,EH1021541
AG20613,AG20613
BH62695,BH62695
BJ32066,BJ32066
EH776793,BL321555
AW181405,AW181405
EH270935,EH360025
EM76453,EM76453
CJ144590,CJ144590
DK17559,AL78655
CG111772,CG111772
AA167113,EH1036513
AN163165,AN163165
EL7415,EL7415
BE427956,BE427956
AL335243,AL335243
DX18547,DX18547
BE400599,BE400599
CM15828,CM15828
CW812530,CW812530
DD155651,DD155651
CW962051,CW962051
EH713017,EH713017
DB310685,DB310685
DL230947,DL230947
EN20436,EN20436
EH268578,EH268578
DL214156,DL214156
DB154578,DB154578
BE149834,BE149834
BY506629,BY506629
AN27766,AN27766
DD2533,DD2533
AW199180,AW199180
CW457377,CW457377
EB32259,EB32259
BL111002,BL111002
BN440568,BN440568
CZ78920,CZ78920
CW1264738,CW1264738
DZ54074,DZ54074
CW1201026,CW1201026
BL459957,BL459957
CT20594,CT5624
BY612191,BY612191
CW991195,CW991195
BN340496,BN340496
BR168974,BR168974
BN423144,BE135398
CW636628,CW260972
BE43177,BE43177
EH706776,EH706776
EF26532,EF26532
CG87504,CG87504
DE316072,DE316072
CA102222,CA102222
DD21143,DD21143
DX60003,DX60003
EH919642,EH919642
BN497306,BN497306
BE32559,BE32559
CW674620,CW674620
CW381813,CW450031
BR183283,BR183283
CW484272,CW484272
CW917692,CW1350029
BY553524,BY553524
AL139982,AL139982
DE270483,DE270483
DW66674,DW66674
AL273159,AL273159
BR120041,BR120041
BR214378,BR214378
CW13672,CW13672
EH465617,EH465617
EH877117,EH877117
DE78618,DE105468
EL79536,EL79536
BL466982,BL466982
BZ34341,BZ34341
EP82995,EP82995
CG119502,CG119502
BN519377,BN519377
DB229009,DB229009
EH697033,EH697033
BY185331,BY165019
EH1084940,EH1084940
CW90024,CW90024
EH826873,DN66266
BN377170,BN377170
DB255625,DB255625
BE358750,BE358750
EH835794,EH835794
BY458246,BY547768
CW582902,BR98484
DL92575,DL92575
CA92930,CA92930
DR50759,DR50759
CW743448,CW743448
CW863835,CW863835
CW992402,CW992402
BN339456,BN91875
CW967268,CW967268
EH1086349,EH1086349
EH710876,EH710876
CZ85379,CZ85379
CW1036097,CW1036097
BR177985,BR177985
EH833254,EH833254
CW599774,CW895252
CC50314,CC50314
BM57904,BM57904
CW574899,CW498346
EP79475,EP79475
CZ92390,CZ92390
CG2789,CC111312
DE248984,DE248984
AT5010,AT5010
CW177142,CW1078802
BL261971,EH470249
CW273741,CW707632
EH1145036,EH1145036
DS50892,DS50892
CW866153,CW420845
ER35478,ER35478
EN65717,EN65717
BY201763,BY201763
EN44688,EN44688
EH826991,EH826991
BR209604,BR209604
DN68596,DN68596
CM61162,CM61162
AA130795,AA130795
EH878493,EH878493
DL173256,DL173256
DE308494,DE308494
CW1301526,CW1082771
AW164629,AW164629
DW16814,EM17616
DR6463,DR6463
DA96134,DA96134
BZ48924,BZ48924
EH967220,EH967220
BN429832,BN429832
EH98774,EH382190
AN207292,AN207292
DT55299,EN10162
CW1050849,CW223164
EH1131838,EH1131838
DR53989,DR53989
BL61261,AA19438
CW1011387,CW1011387
AL191022,BN349186
BR233644,BR233644
BE253477,BE253477
AW121802,AW170807
EH949554,EH949554
EM81892,CB53963
BE288795,BE288795
CW360000,CW360000
EH417653,EH572664
BS15435,BS15435
EK9669,DD63766
EM117116,EM117116
BR169295,BR115257
CW541100,CW541100
BY386771,BY386771
AA196318,AA196318
AW121490,AW121490
BE389909,BE389909
EH984786,EH984786
BB32443,BB32443
EH1253852,EH618325
CW133729,CW133729
EA12608,EA12608
CW72702,CW249658
BY610708,BY482319
AW200822,AW200822
DT117670,DT117670
BR164078,DX15549
AR13825,AR13825
AA146875,AA44853
BM40737,BM40737
EH710183,EH710183
EH864961,EH864961
EL91671,EL91671
EH247556,EH247556
BL348784,BL112019
DR76630,DR76630
EH6616,EH6616
DP40847,DP40847
EH514930,EH514930
CW797116,CW797116
EH571845,EH571845
CG76528,CG76528
AN206199,BM19387
BE404904,BE340257
CW168583,AL57499
AM83189,AM83189
BY522765,BY522765
BL405571,BL34739
BL232016,BL232016
DS110401,DS110401
BH158803,BH158803
CW602972,CW602972
BZ59031,BZ59031
EH544771,EH544771
DT143766,DT143766
EH966447,EH966447
BR127529,BR127529
CW168153,CW223164
CW781665,CW781665
AN6064,AN6064
AA201794,CS30949
BY431745,BY431745
DA63916,DA63916
BX16006,BR123696
BE306609,BE306609
CS6012,CS6012
CW307188,CW410272
BY664106,BY664106
AB16729,AB16729
BE372730,BE372730
BE381187,BE231834
BY524004,BY524004
CN60779,CN60779
AL191510,AL191510
ED20136,ED20136
AL216315,AL216315
CW69166,CW316469
CW707984,CW707984
DW52609,DW52609
CG180280,BY753098
BH11838,BH11838
AW195754,AW195754
BL243547,BL243547
BZ2696,BZ2696
DW54149,DW54149
DP23822,DB118889
DL187724,DL187724
CJ40010,CL43684
CZ90223,CZ90223
BE50192,BE80120
CW241655,CW241655
EM13217,EM13217
BY303933,BY303933
DL270566,DL270566
DW63371,DW63371
BC7705,BC7705
CW1072445,CW497080
EH830035,EH830035
BY106808,BY441616
BN86510,BN114205
ES14809,ES14809
BN82344,BN82344
EH225229,EH225229
CK11129,DL127714
BN406151,BN469950
CX12963,CX12963
CW1248500,CW145548
CR24593,CR24593
DB189161,DB189161
EH411853,EH411853
EH897160,DA86613
EH1193485,EH1193485
DE186891,DE199626
AL41443,AL41443
AX29263,AX29263
CW705321,CW403779
BL345499,BL345499
EM52636,EM52636
CW135088,CW135088
DZ11501,DZ11501
DB223643,AK73104
CG159610,CG159610
CW57420,CW440428
DB111377,DB111377
CS23131,CS23131
BY503779,AA178006
CW304650,CW304650
CB62684,CB62684
AA144118,BG11024
BK48029,BK48029
BR166090,BR166090
BM66905,BM66905
BN429153,BN429153
DE197056,DE197056
DT129101,DT129101
CW512123,CW208884
BC29839,BC29839
EH1318460,EH1318460
DR117151,DR117151
CC106947,DR62297
AM89512,AM89512
CW650983,CW650983
CC144724,CC144724
CW796386,CW796386
AK60086,AK60086
CG68900,CG68900
CW613388,CW613388
CW851651,CW333889
BR69902,AY36493
AW207662,AW207662
CW424907,CW424907
CA118001,CA118001
DP57559,DP57559
BY518856,BY518856
CJ161353,CJ161353
CW636628,CW517623
BR179647,BR179647
BE320122,BE320122
BE346449,BE346449
ER17808,ER17808
BL93535,BL217365
EN40217,EN40217
DL139617,DL139617
EP106742,EP106742
EH998655,EH998655
DL235515,DL235515
CW878213,CW878213
DB14338,DB14338
EH1130786,EH1130786
DD21023,DD21023
DK44042,DK44042
AM85257,AM85257
AE25021,EN39415
BR172252,BR172252
EH994579,EH994579
EH816580,EH816580
EH805730,EH805730
CW250849,CW250849
CW1207065,CW1207065
EH824791,EH824791
EP70071,EP70071
CM67893,CM67893
BH23048,BH23048
CA4724,CA4724
EH712912,EH712912
CA66987,CB33199
BE330377,BE330377
DT37847,DT37847
CM51450,CP19185
EH280681,EH280681
CW356388,CW401016
CJ126141,CJ126141
CE38619,CE38619
EP91053,EP91053
BL483843,BL483843
BL372966,BL372966
EH1129981,EH1129981
DB252389,DB252389
AL135881,AL146030
BG12665,BG12665
BN473587,BN325471
BN398492,BN398492
EF152082,EF152082
DB6783,DB6783
CW670215,CW670215
CC132459,CC132459
DC25836,DC25836
AH9613,CS14883
BB82770,BB82770
CW530099,CW870781
CW1052550,CW1052550
BH82711,BH82711
EH1116031,EH1116031
CW452217,CW452217
BY622016,BY622016
CW553019,CW553019
CJ193003,CJ191390
CW376273,CW715122
CW359050,CW295975
DE274205,CA50534
CW478194,CW478194
AG46854,AG46854
BK15621,BK15621
CW769188,CW769188
DX5078,DX5078
DB33799,DB209311
AN164234,AN164234
DB309575,DB309575
EH1054436,EH1054436
EH421263,DK20408
AL171123,AL171123
AA196773,AA196773
BE394298,BE394298
CB74717,CB74717
EF28172,EF28172
CW1042360,CW1042360
DR14675,DR14675
BE24579,BE24579
BL229364,BL206131
CW468243,CW468243
CC34043,CC75864
BR207748,EP103948
DR120766,DR120766
ER34316,ER34316
AW182820,AW182820
DS74316,DS74316
DN146643,DN146643
CS21276,CS21276
CG114917,CG114917
DZ64817,DZ64817
CW562887,CW562887
EL71797,EL71797
DB157358,DB157358
CW940072,CW940072
EH392606,EH392606
BL466799,BL466799
DL242464,DL242464
AM44062,BL456475
AK92821,AK92821
BY513133,BY513133
EP33620,EP33620
BN276802,BN276802
AM24490,AM24490
EH22322,CS7371
BN216489,BN216489
BY422424,BY73814
BY707703,BY707703
BR134626,BR134626
EH1095027,EH1095027
CW720605,CW1345106
CS36314,CS36314
CW961510,CW488825
CA80407,CA80407
CJ102382,CJ102382
CB65105,EH830717
CW1052322,CW1052322
EH1077355,EH1077355
DT115989,DT115989
AP33280,AP33280
CG165479,CG165479
CJ167787,CJ167787
CW97441,CW239782
BR36114,BR36114
BY658540,BY658540
CW481241,CW526581
BN404508,BN404508
AT8781,AT8781
CJ140093,CJ140093
DA87972,DA87972
EH984937,AP87730
BY695505,BY695505
BL251150,BL251150
AN117011,AN117011
AL171447,AL171447
DL138074,CZ39741
CW331510,CW184873
BE364991,BE364991
BY639090,AG35571
DE297231,DE297231
BE245843,BE245843
AW98010,AW98010
DL232980,DL232980
EH55307,EH64376
DY35473,DY35473
EH268541,AY10524
AK103887,AK103887
BL401584,BL401584
EH426836,EH426836
EL70102,EL70102
AL187812,AL187812
BK9046,BK9046
CW463428,CW463428
CT33878,CT33878
EH682756,EH682756
DS23075,DS49928
EH133796,EH451173
AK73766,AK73766
AC2361,AC2361
DB143317,DB129431
EH1194878,EH1194878
DB136062,DC12821
BL327630,BL44450
CW1255069,CW1255069
AL42084,AL42084
BD109694,BD109694
DR104579,DR104579
CJ16542,CC36700
CW865298,CW865298
BN435902,BN435902
DB242281,DB242281
CW687294,EH860065
CW1096214,CW1096214
CW1368193,CW1368193
BE162727,BE162727
BB83940,BB83940
EH570183,BY458753
BE78572,BE53649
BY236264,BY236264
AW164744,AW164744
EH564390,EH564390
EH989284,EH989284
CW771798,CW771798
EH604971,CB23662
BD73217,BD73217
DE122428,BM37670
CW1022996,CW1022996
CW259934,CW108029
DX60240,DX60240
CW1149082,CW1149082
EH372797,EH372797
CW111175,CW393082
AK72925,AK165984
CW58210,CW58210
DS96994,DS96994
CW368960,CW330768
CW162116,CW162116
DB206373,DB206373
DT24093,DT24093
CW679854,CW679854
CW639155,CW162116
BE99586,BE215103
BL291828,BL291828
CW1066935,CW1066935
BN255967,BN255967
EL100136,EL100136
CW440145,CW136894
BN359502,BN359502
DR81349,DR81349
BN463715,BN463715
AG59701,AG59701
EF8412,EF8412
CW483407,CW483407
EF177885,EF177885
CW1197527,CW1197527
EJ26003,EJ26003
CW73926,CW73926
DL168486,DL168486
EH629653,EH629653
BP66967,BL113875
CJ101662,CJ101662
BY545386,BY545386
AW48799,AW48799
BN426367,BN426367
AA176330,AA176330
EH864237,EH867814
AL173935,AL173935
CW370435,CW370435
BG33739,BG33739
AM34732,AW100070
BB10650,BB10650
BY105214,BY105214
CB83969,CB83969
CW4148,CW4148
DB33799,DB33799
DH2376,DH2376
CW436845,CW436845
CJ185567,CJ185567
DE239336,DE239336
EH1002600,EH1002600
AS59834,AS59834
CW1141715,CW1141715
AL212664,AL212664
EH871633,EH871633
EH973015,EH973015
DB334054,DB334054
DE237064,DE237064
DT55299,DT55299
DB227661,DB146289
EH877882,EH877882
CT33076,CT33076
EP55877,EP55877
BN512811,BN512811
BW9702,BW9702
CW1123452,CW1123452
BL59351,BL61282
CZ94145,CZ94145
EL74751,EL54523
DT109961,DT109961
DN134266,DN134266
AN124614,AN124614
EH770099,EH770099
AX27397,AX27397
DF19610,DF19610
AL276794,AL276794
CW1243740,CW377484
BX23503,BX23503
BY286797,BY584585
EH459920,EH459920
AA82218,AA82218
BL343736,BL343736
CW79224,CW304074
BC18975,BC18975
DS117790,DS117790
EH90526,EH90526
BB28506,BB28506
CW124250,CW124250
CC87978,DL131604
BE291792,BE291792
CW1343137,CW1343137
BE339869,BE339869
DW71769,DW71769
EF89315,EF89315
ES19254,ES19254
AL229544,AL229544
CM51450,CM51450
CW406810,CW406810
AX52302,AX52302
BC63752,BC63752
CY28085,CY28085
EH830492,EH830492
EH381837,EH381837
CM41588,CM41588
CW507682,CW507682
AL316126,AL224801
AW102993,AW102993
BN521198,BN521198
BG35587,BG35587
BL401377,BL401377
BN367688,BN367688
CW855471,CW855471
AL76660,AL76660
AL90315,CC54185
BE25387,BE25387
BY231383,BL164487
BP10959,BP10959
CF6767,CF6767
EH593890,EH593890
CW267326,CW218873
EH735724,BY356221
BM54432,BM54432
CW841754,CW841754
CT18001,DL58463
AL78524,AL78524
AN187390,AN187390
BB57652,BB57652
EH454905,EH454905
BL348784,BL348784
BN448830,BN448830
BH82134,BH82134
BY443903,BY443903
BP3766,CP4198
EP84841,EP84841
CW550979,CW550979
EH681114,EH681114
DR99060,DR99060
DR27223,DR27223
BE298891,BE298891
EF128547,EF128547
CW1088752,CW902554
AL277717,AL277717
DS95215,DS95215
CW311268,CW1123825
CZ103988,CZ103988
BE134369,BE134369
DE318302,DE318302
DE262678,DE262678
DE224388,DE224388
CW739341,CW881645
BX20932,BX20932
BB86345,BB86345
DB112611,DB112611
BB106888,BB106888
BE322417,EH543201
DL220326,DL220326
AL110381,AL110381
EH935247,EH935247
EH896656,EH896656
BL145743,BL145743
CW859735,CW859735
AJ27897,CM36336
EN42259,DL56861
EH351558,DS102413
DK15728,DE116694
BN256405,BN256405
BR108268,BR108268
BY95094,BY127074
DE65335,EH504484
EH735410,EH735410
EH970353,EH970353
DB186962,DB186962
BF20948,BF20948
DW58397,DW58397
EH62207,EH62207
BY480635,BY480635
CW135517,CW135517
BE290293,BE326933
EF176328,EF176328
EH664812,DL62104
EH859769,EH859769
AB14406,AB14406
CX11703,CX11703
DB191618,DB191618
AG6603,AG6603
CW858942,CW858942
AM45501,ED8321
CJ142232,CJ142232
BN298437,BN298437
AA153169,AA153169
CW43920,DP52630
AS84767,AS84767
BE150335,BE150335
DW14734,CE34418
BN379506,BN379506
EH566612,EH792455
CH35811,CH35811
EH927410,EH927410
CH12578,CH12578
AK100017,AK100017
CG164639,CG164639
BY35570,BY467760
CW882554,CW882554
EH1074993,EH1074993
AW34836,AW34836
BM19130,BM19130
CW1011449,CW1011449
DE274303,DE274303
CW945237,CW945237
EM78079,EM78079
EH803109,EH803109
AE24246,AE24246
EF108829,EF108829
CB59403,CB59403
AG60288,AS101651
EH230994,EH308446
BR109589,BR109589
AL226286,AL226286
BY170801,DL16672
EG9486,EG9486
EH861513,EH861513
EH813766,EF129104
EH815984,EH815984
EH1109976,EH1109976
DE306183,DE306183
CN61506,CN61506
DR101216,DR101216
BZ61183,BZ61183
DE33170,CJ112488
BH128509,BH128509
BY142933,BY142933
DZ33946,DZ33946
CW524877,CW524877
EH1183969,EH1183969
AL59263,AL59263
BN403363,BN403363
EL6306,EL6306
CG139133,CG139133
EL85635,EL85635
EH649916,EH649916
EH482716,EH482716
DR91454,DR91454
BY555318,BY555318
ER37511,ER37511
EM88612,EM88612
CW1290510,CW1290510
DA24139,DS30450
AJ24033,AJ24033
CE44655,CE44655
AG44255,AG44255
CW961510,CW421399
BE162664,BE162664
CG6551,CG6551
DB180594,DB180594
BY486227,BY486227
BN381502,BN381502
CC81169,CC112806
AG32698,CW1199571
EM57750,EM57750
CW834900,CW834900
DE189522,DE189522
BR185086,BR185086
BH83912,BH143189
BZ7186,BZ7186
EH997946,EH997946
CW949045,CW949045
AP2084,AP43122
AD28545,AD28545
EH1129067,EH1129067
AY38303,AY38303
DL259133,CC128866
DB189660,DB189660
EH1206531,EH1206531
DB199238,DB199238
DB117475,DB117475
EN46245,EN46245
DE289831,DE289831
EH757357,EH757357
BE288593,BE288593
CM53751,CM53751
EH943362,EH943362
BE361171,BE361171
BN218511,BN218511
EH662830,EH662830
EH984937,EH984937
EH612204,EH612204
EF7108,AT7141
EB65998,EB65998
DB156224,DB98161
BJ45113,BJ45113
CW840733,CW840733
CW147272,CW304074
CG171030,CG171030
AK160748,AK160748
CL60905,CL53023
EH968103,EH968103
DK45724,DK45724
DR61698,DR119173
BH80806,BH80806
EH872369,EH872369
CW940856,CW940856
BK6146,BK6146
CT17699,CT17699
AL342552,AL342552
AN107144,AN107144
DN93603,DN93603
EC8485,EC8485
CJ97420,CJ97420
DE302417,DE302417
EH1087959,EH1087959
CZ76725,CZ76725
AK168496,AK168496
DL169686,DL169686
BN393357,BN393357
CW808502,CW808502
CW985349,CW985349
BZ31952,BZ31952
CE48048,CE48048
DD29047,DD29047
BL390003,BL390003
AL141719,AL141719
DB28804,DB28804
CG113229,CG107184
ES14480,ES14480
BY386919,BY386919
CN73874,CN73874
DD166000,DD166000
EF221942,EF221942
CW694405,CW421589
BY384369,BY384369
EH1076045,EH1076045
DT92892,DT92892
EH713614,EH713614
EH421967,EH421967
EH712956,EH712956
EH104629,EH311850
EF217084,EF217084
AL241742,AL241742
DN143491,DN143491
DL201800,DL201800
EF174496,EF174496
CA99654,BL440276
CN11102,EH1301318
EF73194,EF73194
EH296535,EH296535
DR103974,DR62614
EN56942,CK15261
BH64031,BH64031
BR18675,BR18675
CW456949,CW456949
BY419652,BY419652
BM39729,BM39729
CJ113717,EH514855
EF239053,EF239053
CW925916,CW925916
BY519534,BY519534
DT51558,DT51558
DB151855,DB151855
AD13748,AD13748
CW576170,CW576170
CW936341,CW936341
EH1131758,EH1131758
EH812392,EM89938
AG51189,AL311555
CW133765,CW133765
CW476986,CW476986
EF176595,EF176595
BY354923,BY354923
CJ42048,CJ42048
EF127005,EF127005
BL397781,BL397781
EH1085639,EH1085639
BN176126,BN176126
DZ43987,DZ43987
DP45568,DP45568
CA118109,CA118109
BN445780,BN445780
DD97463,DD97463
CB77071,CB77071
CW1041136,BL257589
BY605528,BY605528
EH248956,DL58463
CW163082,CW163082
CW128931,CW147067
EL83606,EL83606
EH441616,EH441616
BL423579,BL423579
BF7485,BF7485
AA151758,AA151758
BL314545,BL314545
BN198697,BN198697
EF27119,EF27119
EH814377,EH814377
AL245732,AL245732
BD51582,BD51582
DX62652,DX62652
CW1162756,CW1162756
CW1076229,CW398198
CW332737,CW332737
EH834175,EH834175
DT109229,DT109229
DT93289,DT93289
CW1204883,CW65190
BE346982,BE346982
BY581858,BY581858
BY9893,BY188744
AL289876,AL289876
CW924280,CW924280
BL362280,BL362280
DB315767,DB315767
DL259013,DL259013
DT153542,DT153542
AA173602,AA173602
AB2784,AB2784
EH372373,EH372373
CG132740,CG132740
DD42554,DD42554
CE21114,CE21114
BY400501,BY400501
AW46655,AW46655
EN54612,EN54612
DL97036,DL98670
BD120478,BD120478
EH97087,EH199390
CW1280428,CW1280428
CN74096,CN74096
DW56920,DW56920
EB6853,EB6853
CD18968,CD18968
BL340524,BL340524
EH88323,EH88323
CW662365,CW662365
CW61021,CW61021
BY446083,BY117686
CW1086680,CW1081637
EH312108,EH312108
CC77658,CC77658
DL210291,DL210291
CW806102,CW806102
BE302474,BE302474
BE389691,BE389691
AL221993,AL221993
EF184255,EF184255
DB153750,DB153750
CE31669,CE31669
BN353873,BN353873
CW848961,CW933820
BY543398,BY543398
CW214461,CW214461
EH898411,EH898411
CW561199,CW561199
BY289870,BY289870
BF18734,BF18734
EJ27312,EJ27312
AL97788,AL97788
AK51862,AK51862
BN379512,BN379512
EH171754,AW120187
EH127607,EH127607
EH976404,EH976404
CM52116,CM25470
CW1181943,CW1181943
CW151286,CW151286
CW831067,CW831067
CW741089,CW741089
DD157527,DD157527
EF187943,EF187943
AK143132,AK143132
CW844003,CW844003
CW750867,EH470366
EL89540,EL89540
EN16567,EN16567
DB174378,DB174378
AK133476,AK133476
BY340450,BY338296
EH416721,AA132940
DD151619,DD151619
EF87845,EF87845
CW1317727,CW1317727
EH735724,CB33199
CW743145,CW134791
DB173464,DB335783
EH794455,EH794455
EH341299,EH341299
EH266459,EH266459
AL260439,AL260439
CW183533,CW333521
BR24439,BR100598
DB301558,DB301558
AH18733,AH18733
BH130001,BH130001
AS59130,AS59130
BN354440,BN354440
BY608976,BY608976
AS77974,AS77974
EF151900,EF151900
CW1142999,CW1142999
DD158264,DD158264
DG38004,DG63797
BE24579,BE130942
BZ3489,BZ3489
BL423289,BL423289
CW938170,CW938170
DT75740,DT75740
CL52234,CL52234
BN339200,BN311362
DH22009,DH22009
EB44964,CW162116
BZ22038,BZ22038
CW445713,CW186258
BN378411,BN378411
EH294190,EH509927
EJ25249,BN374083
BE331334,BE331334
EF85452,EF85452
CW900689,CW900689
DE197124,DD22186
DE273629,DE273629
CJ117846,CJ117846
BH53645,BH53645
EH969749,EH969749
CW978258,CW978258
CW833128,CW833128
BD18159,BD18159
EH568865,EH568865
CW1301526,CW1301526
BD47489,BD47489
EH1223837,EH1223837
DG45271,DG45271
DT142215,DT142215
CW1056231,CW1056231
CJ169447,CJ169447
BM41129,BM41129
BL501581,BL501581
EG27435,EG27435
DZ70842,DZ70842
EP101078,EP101078
DD101072,DD101072
DN134266,DD90591
BP58213,BP58213
CB74660,CB74660
CW188684,CW88280
BZ56238,BZ56238
AL316079,AL316079
DL235277,DL235277
EH837303,EH837303
AA22396,AA47141
CW909602,CW912829
BB54534,BB54534
BE287441,BE361109
CW989799,CW989799
EM26221,EM26221
EH1217861,EH1217861
EB69185,EB69185
ES22933,ES22933
DE289698,DE289698
CJ56680,CJ56680
CC12673,ES8603
BR50094,BR50094
CT11021,CT11021
EH142927,EH142927
AA178985,AA178985
CW1019962,CW162116
AA145687,AA145687
CW676062,CW676062
CW897339,CW897339
EH917217,EH917217
BY530125,DL193666
DB133787,DB273219
BY615143,BY615143
CG134091,CG134091
BL319619,BL319619
EH1176668,EH1176668
EH628125,EH628125
BE357595,BE357595
CW489163,CW150492
BC56753,BC56753
BY477730,BY477730
EH771640,EH771640
EH1091989,EH1091989
CW1157217,BH184479
DB209311,DB209311
DL196677,DL196677
BE352142,BE352142
CW798206,CW798206
EH616577,EH616577
CR20102,AL57499
DL206064,DL206064
CW49817,CW227967
DL196722,DL196722
EH567259,EH567259
BL393201,BL393201
CW919977,CW919977
EH774618,EH774618
CN47729,CN47729
CW915211,CW1193318
CW1218817,CW1218817
AN152634,AN152634
BF17932,BF17932
DB167516,DB167516
BH157272,BH157272
BL254941,BL188884
CW863797,CW863797
CY25323,CY25323
CW598569,CW598569
DE205012,DE205012
DB106984,DB124360
BR153676,BR153676
CW1030276,CW1030276
EP75621,EP75621
EH262497,EH190196
BM53988,BM53988
CW512123,CW617307
CG7899,BB56706
BE280064,BE280064
EH193330,EM40741
AW40892,AW40892
EH1153406,EH1153406
CA66987,AM19267
BE382628,BE382628
BN427138,BN457609
EH732722,EH732722
EH667830,EH667830
DA27039,DA27039
BL491494,BL491494
BN78511,BN17841
AL49167,AL49167
CZ102973,CZ102973
EH746708,EH746708
DB208313,DB208313
BY522374,BY522374
DE122428,BL272582
CN72497,CN72497
BY517173,BY517173
AW148166,AW148166
CA91288,CA91288
AL164546,AL164546
BE58318,BE58318
CW650635,CW650635
CM8094,CM8094
CW703249,CW934140
BB91776,BB91776
BF25959,BF25959
BL465363,BL465363
BD41497,BD41497
CW778355,CW510214
EH833859,EH833859
CN84041,CN84041
AL201617,AL201617
AN104908,EH410610
BN378551,BN378551
EG53750,EG53750
AS46756,AS46756
CW771568,CW771568
CW1019466,CW1022996
CW949093,CW1078642
BR180538,BR180538
CY27653,CY27653
DD200355,DD200355
AA171570,AA171570
CN73488,CN73488
AL340240,AL340240
DE284342,DE284342
DZ26849,DZ26849
CW198089,CW198089
EH395054,EH395054
CW650354,CW650354
BT9516,BT9516
EH1156253,EH1156253
AL133015,AL133015
EL73451,EL73451
EH804824,EH804824
AB18417,AB18417
DL188171,DL188171
AB19767,AB19767
EB6368,EB6368
AM99061,AM99061
EH694431,EH694431
CJ127134,CJ127134
EM25812,EM25812
BE421190,BE421190
CW1278886,CW1278886
DL208079,BY483826
DR70967,DR70967
BE219077,BE219077
AF15023,CY19114
DA11652,DA11652
CZ85510,CZ85510
CS5027,DK4313
AL109533,BF13511
CW813828,CW813828
DT140549,DT140549
BH94129,BH94129
DD118348,DD118348
AY3773,AY3773
EE4975,EE4975
DL195532,DL195532
CW457730,CW1123825
EF7856,EF7856
EH317762,EH317762
EG31052,EG31052
BB20421,AE5680
CW742384,CW864325
DY24376,DY24376
CW841524,CW64754
BE235327,BE235327
BL159322,CS20962
AA190129,AA190129
CE44499,CE44499
CW1057440,CW1057440
CW731374,CW745839
DA103112,DA103112
DH6022,DH6022
AM85701,AA73652
EM108480,EM108480
EH1009238,EH1009238
CJ126596,CJ126596
CW340876,CW494254
DP49854,DP49854
CW438167,CW438167
CW1141841,CW1141841
DS11038,DS11038
DB322665,DB322665
BN416575,BN416575
BH84740,BH84740
DB177730,DB177730
CW917983,CW917983
CJ52649,CJ52649
CW813858,CW813858
BE80208,BE80208
CW534463,CW534463
CW862385,CW734695
BL498643,BL498643
CT35493,CT35493
EH1317414,EH1317414
EH638083,EH638083
CW1295568,CW1295568
DK27873,EA37911
BL440309,BL440309
DB167301,DB167301
EL93761,EL93761
CW97441,CW97441
CW181024,CW181024
CW61943,CW61943
DD156152,DD156152
EF129222,EF129222
CW445315,CW63905
EH1057895,EH1057895
EG31246,EG31246
BD127702,BD127702
EH192053,EH626574
EH1318151,EH1318151
BN456800,BN456800
CW887565,CW807933
CW1005703,CW1005703
BY390903,BY390903
DS84862,DS84862
CE20001,CE20001
EB50295,BY743239
AS59443,AS59443
DE276601,DE276601
DE233945,DE233945
DA107102,DA107102
CW911571,CW911571
EH898172,EH898172
AP79357,AP79357
DZ56707,DZ56707
AK107939,AK107939
DL197503,DL197503
EG18761,EG18761
BY32479,BY32479
DF19269,DF19269
BB74072,BB74072
CW427036,CW135006
DR126931,DR126931
DH62434,DH62434
DB144109,DB144109
ER44355,ER44355
CW1291609,CW1291609
EH826156,EH826156
DH55195,DH55195
AK11074,AK11074
BE388979,BE388979
DR123991,DR123991
BL478443,BL478443
BC13950,BC13950
DT148835,DT137339
BM66922,BM66922
EM66332,EM66332
CW223203,CW223203
AN89198,AN89198
EH429178,EH545946
EH827720,EH827720
EH457656,EH457656
CW238835,EB26724
EH434669,EH434669
BL390110,BL390110
DL224611,DL224611
BY50644,BY50644
BN181015,BN8167
CW1290715,CW1290715
DB245887,DB245887
BL414216,BL414216
CW1310331,CW1310331
BY352671,BY352671
DB290671,DB290671
CW1233693,CW714074
EH1015011,EH1015011
AD26990,BY660092
BR153993,BR153993
DE319836,DE319836
EH664004,CW324123
AL26720,BG11024
CW709803,CW1081637
DD209113,DD209113
BZ38927,BZ38927
EL13166,EL13166
ED21483,ED21483
CW166027,CW166027
EF225746,EF225746
CG139441,CG139441
EH138702,EH138702
BN506425,BN506425
EP69767,EP69767
EL97696,EL97696
BH76167,BH75084
AN201043,AN201043
EH55307,EH1076321
BY488113,BY488113
CW114592,CW273005
DX41657,DX41657
BK51451,BK51451
BD138734,BD138734
CW996216,CW756996
BN370860,BN370860
DK37997,DK37997
BL350507,BL350507
CJ127550,CJ127550
EE2223,EE2223
DR26598,DR57971
BZ13863,BZ13863
CK11129,CK11129
EF13342,EF13342
CA71075,CA71075
CW447082,CW447082
EH1034778,EH1034778
BK42528,BK42528
CJ80325,CJ80325
CP42029,CP42029
DH60775,DH60775
EH741530,DE89444
EH953261,EH953261
DB157694,DB139663
BL325328,BL325328
CC72100,CC72100
DN68891,DN68891
AB16183,AB16183
DB255462,DB255462
CW694868,DT126781
CW475722,CW599753
DB189068,DB234051
BR121028,BR121028
CW1240369,CW1240369
BN424727,BN424727
BH132066,BH132066
CW229412,CW229412
DN131129,DN131129
BL261304,BL261304
AD28923,AD28923
DX20778,DX20778
EH815127,EH815127
CW767314,CW767314
BY328844,BY328844
EH768526,EH768526
DL196397,DL196397
CE17971,CE17971
EH337189,EH337189
CW1255402,CW1255402
AD26990,AD26990
EH155773,EH401455
DA124972,DA124972
CW1301526,DA98283
EL30060,EL30060
DL273868,DL273868
BY558427,BY558427
BJ24128,BJ24128
AG20298,AG20298
BY449496,BZ30498
BM52545,BM52545
CW690925,CW690925
BN490456,BN490456
EB62435,EB62435
EL73289,EL73289
CW189489,CW189489
AP41515,AP41515
CC124636,CC124636
EH839097,EH839097
BY417827,BY417827
BM15957,BM15957
BL399052,BL399052
BY610340,BY699158
EH628019,EH628019
CW1125841,CW1125841
DY20181,DY20181
AA180108,AA180108
DT170839,DT170839
BY389180,BY389180
CW122110,CW323938
CJ110394,CJ110394
BR130951,BR130951
AL237577,AL237577
DN61242,BB37790
BE348918,BE298891
AL303521,AL303521
BN239255,BN123109
DN159650,DN159650
EH872139,EH872139
EH921178,EH921178
CW998972,CW998972
DA97499,DA58962
DP11302,DP26427
CC50506,CC50506
EL91671,EL58092
EH949026,EH949026
CW841197,CW841197
CR3887,CR3887
CW973090,CW551778
BH22540,BH25466
EB64721,AM83966
EH1163956,EH1163956
EH592895,EH592895
BZ53623,BZ53623
CW933734,CW933734
DP42623,DP42623
EH1129709,EH1129709
ER25553,AL49721
DD187044,DD187044
CW1026494,EH611657
EP91822,EP91822
BE308776,BE308776
CW544610,DL79380
BY11654,BY101788
DR113248,DR113248
EP77968,EP77968
CG155070,CG155070
AS83776,AS83776
BN280979,BN187517
EH438115,EH438115
CW83523,CW83523
BL380304,BL380304
DR100838,DR100838
AS22086,AS22086
CW932972,CW1011449
AM87215,AM87215
CZ69956,CZ69956
CW476397,CW476397
AX48379,AX48379
ER32830,ER32830
EH833083,EH833083
BY39673,BY39673
BE350771,BE231834
BN477173,BN477173
BR99330,BR99330
DS100289,DS100289
DJ15874,DJ15874
CJ24663,CJ24663
EH917101,EH917101
AN111323,CT16743
AL67383,AL67383
AL96714,AL96714
BH155790,BH155790
BE368857,BE368857
CA18609,CA18609
EH342205,EH342205
CW949093,CW968360
BY597494,BY597494
DH45229,DH45229
CW491021,CW15849
DR134538,DR134538
CW1118061,CW833620
EH898123,EH898123
BN25137,BN28904
BN527208,BN527208
BC66513,BC66513
AW128684,AW128684
EH750875,EH269882
EH956147,EH956147
CW267326,CW425068
BD90453,BD90453
BE32882,BE32882
CW733512,CW733512
CC125450,CC125450
CW894670,CW894670
EP103820,EP103820
EH1085470,EH998655
EH85789,EH591821
CA114502,CA114502
EM126110,EM126110
BR39891,BR39749
BL508422,BL508422
EH964480,DA41470
BL454605,BL454605
BZ55289,AW100217
DR104158,DR150345
CT44359,CT49809
DX24529,DX24529
BY569278,BY569278
DK8732,DK8732
DD7265,DD7265
EH602036,EH602036
CW517485,CW517485
BN9703,BN10006
CW187318,CW1064993
CW53348,CW53348
DK21921,DK21921
BZ16547,BZ16547
EH223253,EH223253
ED43675,ED43675
CW325005,EH423288
AA136884,AA136884
CG66410,CG66410
AL46656,AL46656
CC131667,CC131667
CW1263528,CW1263528
BE364085,BE368961
EM57140,EM57140
CW272892,CW280088
EH1205494,EH1205494
CW670005,CW670005
BL196741,BL196741
BY579293,BY579293
EL79308,EL79308
BY458498,BY458498
AT23513,AT23513
DW60291,DW60291
DL146576,DL146576
CW823091,CW823091
BN479548,BN479548
BL445282,BL445282
BN476138,BN476138
AW48432,AW48432
BM55463,BM55463
EH639737,EH639737
BL240608,BL240608
DR23613,DR23613
AK103844,BW45817
DR26982,DR26982
EG43188,EG43188
CW807932,CW807932
CW297866,CW297866
BE182028,BE182028
BH115153,BH77549
CA115909,CA115909
AN14670,AN14670
DB231015,DB231015
DZ48967,DZ48967
BN330949,BN330949
EJ29106,EJ29106
DB177831,DB177831
AL201433,AL201433
BE46017,BE46017
AP43721,AP43721
BR169419,BR169419
BE400112,BE400112
EH665837,EH665837
DT88286,DT88286
EF89734,EF89734
DB280495,DB280495
DY2726,DY34376
AA79157,CP12015
BN287863,BN287863
DD164420,DD90591
CC87265,CC87265
CW932972,AN147785
DS45752,DS45752
AN187819,AN187819
BL507888,BL507888
AL159611,AL159611
BR230514,BR230514
EH1022956,EH1022956
DE324712,DE324712
CW998643,CW998643
AB6139,AB6139
AW202492,AW202492
EH633010,EH633010
EH973722,EH973722
DL196830,DL196830
BX20270,BX20270
DT168151,DT168151
CW392851,CW124933
CW794165,CW794165
BL376278,BL376278
CG146477,CG146477
AL253801,AL253801
AL167820,AL167820
EH1102799,EH1102799
BR131210,BR131210
EH137341,EH180326
CW313855,CW313855
EH775795,EH775795
CW1257145,CW1257145
CW586483,CW586483
CW84904,CW84904
BL252350,BL252350
AL274169,AL274169
BL212855,BL212855
DW73321,DW73321
BH148819,BH148819
AK143120,AK143120
AS54574,CC101010
CW118581,CW118581
DL201718,DL201718
BL261971,BL337576
AX2890,AX2890
BN393190,BN225252
BC38765,BC38765
EF9973,BK14922
BN411782,BN411782
AP72462,AP72462
EB63809,EB63809
DX4678,DX4678
CW54145,CW166027
EH830717,EH830717
CW682212,CW531154
CW185988,CW295799
CW168583,CW168583
CW710240,CW710240
CS22237,CS22237
BL249047,BL249047
DT147460,DT147460
CT28669,BL55001
CC5268,CC5268
CP29223,CP29223
DX45461,DX45461
CA66987,CG128534
AL104518,AL104518
BY471085,BY471085
AW217978,AW217978
DL231297,DL231297
EF175520,EF175520
AL229910,AL211408
DT114423,DT114423
DD158135,DD158135
CW906697,CW906697
DR12273,DR12273
DB321590,DB321590
AP53646,CC13514
BN496675,BN496675
CW597977,CW597977
DT128908,DT128908
CC77170,CC77170
DG28127,DG28127
DL180098,DL180098
CL23582,CL23582
AH13006,AH13006
AP65687,AM17644
CW1268371,CW1023001
DB195326,DB195326
CN65045,CN65045
DT52507,CW324123
EP67062,EP67062
AA150797,AA150797
CW788890,CW788890
EH892893,EH892893
DA34459,BN222751
DL194103,DL194103
EH758673,BE275731
CW694405,CW469837
BE404904,BE404904
BY580576,BY580576
DB135988,DB138830
DL193435,DL193435
CW192895,CW192895
BB54725,BB54725
BZ32149,BZ32149
AL32017,AL32017
AL298037,AL298037
AL336006,AL336006
ER34749,ER34749
BE158536,BE158536
DR65641,DR65641
EH661098,EF157946
DX13014,BR157341
DE209278,DE209278
BN219762,BN219762
BY367905,BY367905
EH583646,EH583646
EF171549,EF171549
BN426653,BN426653
CW1301229,CW1301229
EB62120,CW886013
DB107949,DB107949
CW543117,EH392472
AL34769,AL34769
DN138434,DN138434
BY588091,BY588091
EL90753,EL90753
CC83895,CC83895
BN521325,BN521325
CW259760,CW110855
DL239814,DL239814
CW102971,CW511529
CJ122473,CJ122473
EH610987,EH610987
EH1097765,EH1097765
EL54740,EL54740
CM55983,CM55983
CG138348,CG138348
CW142169,CW142169
EH975231,EH975231
BE53314,BE53314
CW41488,CW170495
AM99262,AM99262
DC20852,DC20852
BP5171,BP5171
DS73864,AG35227
BL384690,BL384690
AC3118,AC3118
BE409054,DE289831
EH141543,EH141543
CM41892,CM41892
EK16773,EK16773
AN167285,AN167285
CW480704,CW760392
CW893637,CW893637
BL433775,BL433775
BN499427,BN499427
CW207370,CW207370
BY480240,BY480240
DT141340,DT141340
CA45121,CA45121
EH255057,EH255057
BL409041,BL409041
EF12680,EF12680
BY581531,BY581531
EH323763,DE11851
CX22155,CX22155
BZ54246,BZ54246
CW221554,CW359465
BR34705,BR34705
DA10934,DA10934
EH803310,EH803310
DY38442,DY38442
AL283872,AL290617
BN71462,BN71627
EH634464,EH634464
BL226914,BL226914
BN500841,EH155303
EH1006885,EH1006885
AP81442,CT16743
EH1017349,EH1017349
CW611148,CW611148
DB291021,DB291021
DL253659,DL253659
DZ48359,DZ48359
DT37138,DT37138
AL294994,CC116916
CM76942,CM76942
AW50804,EL3166
BL335274,BL335274
DT8556,DT8556
BZ58790,BZ58790
EH882673,EH882673
BY277318,AL187749
EF102827,EF102827
AL110080,AL50031
BN10189,BN10189
AM101139,AM101139
EH88008,EH486371
CM57207,CM57207
AS90075,AS90075
AA150536,AA150536
DE56712,DE56712
DT155602,DT155602
EF152794,EF152794
BY483826,BY395661
BY554946,BY554946
AW206860,AW206860
BE366642,BE366642
BL96720,EH834895
CW654662,CW654662
AF7217,AF7217
BN208308,BN208308
BS10415,BS10415
EH1004931,EH1004931
CX17243,CX17243
EM96107,EM96107
CW566524,CW566524
AA108035,CW266772
AA177485,AA177485
CW1200219,CW1200219
DD7848,DD7848
EH619811,EH619811
EF156067,EF156067
DT133401,DT133401
CS26414,CS26414
BY730916,BY730916
EH469445,EH469445
AW180962,AW180962
EG45194,BD35521
CW442326,CW535150
EM126344,EM126344
AL239384,AL239384
BZ50344,BZ50344
EB51166,EB51166
BL491298,BL491298
DZ45173,DZ45173
AS80103,AS80103
CW758084,CW758084
AM96360,AM96360
CW97191,CW403598
BZ3104,BZ3104
CL23548,CL23548
EP10303,EP11066
CW241775,CW426920
CB70478,AS46613
EH1076321,EH1076321
BY453251,AA144724
AX60207,AX60207
EM110607,EM110607
EF173734,EF173734
CG148248,CG148248
AW24763,AW24763
CA94632,CA94632
EH354908,EH354908
EF145103,EF145103
EH637084,EH637084
BL57811,DB329478
DA117580,DA117580
DN67207,DN67207
CW572556,CD21109
EH805313,EH805313
EM101416,EM101416
EH664004,EH610228
CW828695,CW828695
CW951965,CW951965
DD103248,DD103248
EH163241,EH1285537
DB188471,DB188471
AR3590,AR3590
DT59343,DT59343
EH619838,DN84537
CW830085,CW830085
DH36311,DH36311
BL522471,BL522471
DR28066,DR28066
CW917770,CW917770
AL48170,AL48170
BL295063,BL295063
CW1051944,CW1051944
AK55386,AK51955
EH897160,EH897160
EH561089,EH561089
CL13937,BN145509
BH141571,BH141571
DZ9347,DZ9347
CW917586,CW917586
CW381813,CW718222
EP39482,DE116694
CW119476,CW119476
BN417573,BN171723
DH64864,DH64864
DR98686,DR98686
DX14192,DX14192
CW674376,CW1119942
CS25481,CS25481
EH901219,EH247553
CW681164,CW681164
DB232893,DB7472
DG39023,DG39023
DE274205,BY451078
EH872235,EH872235
CW985045,CW985045
DL274358,DL274358
CJ148143,CJ148143
CB68532,CB68532
BH125038,BH125038
BZ16489,BR34550
CT25108,CT25108
CH50846,CH50846
AL55089,AL55089
AN135964,AN132128
EP26855,EP26855
DD2525,DD2525
DX56339,DX56339
BN496400,BN496400
EG15597,EG15597
DT32774,DT32774
AS81864,AS81864
CW468243,CW323165
AS4131,AS4131
BR216168,BR216168
BE267497,AS100791
CW1294754,CW1294754
CW1043424,CW1043424
CW854308,CW854308
CW499036,CW499036
AA164934,AA164934
BE112660,BE112660
DB141911,DB141911
DR89531,DR89531
CW684169,CW684169
EM116316,EM116316
AP83567,AP83567
BN427138,BN427138
DA115134,DA115134
CJ136507,CJ136507
EH232005,EH232005
BE423634,BE423634
CW157826,CW120371
BE314269,BE314269
BR187525,BR187525
DS41049,DS41049
AX52449,AX52449
EH486624,EH486624
DN131223,AA164250
BR171041,BR171041
EM124428,EM124428
BN152808,BN152808
AR12849,AR12849
DT142249,DT142249
EH860481,EH860481
CW772418,CW772418
BZ21323,BZ21323
DN130337,DN130337
BE116310,BE110103
BY457115,BY457115
BY576470,BY19417
AP7291,AP7291
BL365074,BL365074
BN395455,BN395455
EH662029,EH662029
CW1022674,CW1022674
BR105896,BR105896
CW1157217,BE115648
CG127188,CG127188
DB75458,DB75458
DE284246,DE284246
AL312642,AL312642
BN339200,BN339200
AL51689,EM107597
BN35921,BN112590
AL298300,AL298300
AN163165,BL237630
CB60044,CB60044
BR158831,BR158831
BP11014,BP11014
BY481490,BY481490
BY149816,BY149816
CW1206815,CW1206815
BE297878,BE297878
BR118914,BR118914
CW514435,CW44413
CW804650,CW804650
BN35921,BN416262
CW647270,CW916975
BN446928,BN446928
EG23109,EG23109
BN347418,BN347418
AL209065,AL123191
BH130514,BH130514
DY39001,AN139074
CW982014,CW982014
BR123944,BR123944
BL222903,BL42084
EH1271464,EH951496
EB34098,DL168310
DW53037,DW53037
DR62389,DR62389
CL45942,CL45942
EF59765,EF59765
EF185081,EF185081
CW292892,CW292892
BZ36946,BZ36946
BL413419,BL413419
CM53843,CM53843
BY467184,BY467184
CW1056842,CW1056842
CW769008,CW769008
AA48435,DB180185
AX41630,AX41630
BL402014,BL402014
DT53089,DT53089
CM44422,CM44422
CJ68390,CJ68390
EH423785,EH247316
CW795855,CW795855
AD12932,CW377407
EH427511,EH427511
BM66764,BM66764
CW761565,CW761565
AD22733,AD22733
DR65984,DR65984
AG46216,AG46216
EP35598,DR78751
BN478555,BN478555
BF10305,BF10305
EH1239378,EH1239378
CL43481,CL43481
CW41420,CW41420
AL307849,AL307849
CW925099,CW925099
AG33126,AG33126
CW613114,CW1331316
DE110569,DE110569
EH1157852,EH1157852
DL180773,DL180773
AK68404,AK68404
BE372613,BE372613
EL32744,EL32744
DG53380,DG53380
DN147662,DN147662
BL360375,BL360375
EF10773,EF10773
EH953571,EH953571
EM89938,EM89938
AL77675,AL77675
EH844914,EH844914
CH50928,CH50928
EH364872,EH364872
DR85380,DR85380
EL64932,EL64932
EH1097950,EH1097950
CW625203,CW625203
AK54988,AK54988
CC71063,CC67304
DA59205,DA59205
EH1118292,CP12015
AP45365,AP45365
EH1207876,EH1207876
AL229910,BR98430
AN105611,CA138123
DA84065,DA84065
CW843609,CW843609
BY617521,BY617521
EH1095479,EH1095479
DW18383,DW18383
EP43547,EP43547
EH549536,EH549536
CJ116192,CC94045
AX56013,AX56013
BL407656,BL407656
DA94557,DA94557
EL51926,EL51926
ED28064,ED28064
EH388884,EH388884
EF21737,EF21737
AL232967,AL232967
BY288237,BY288237
DG22761,DG22761
CW1035608,CW710240
CG168933,CG168933
BL414719,BL414719
AM37972,AW69618
BR210229,BR210229
CW784909,CW518586
BL437157,BL437157
CW844211,CW844211
EH843776,EH843776
BD58746,BD19630
BW38926,BW38926
AW14448,AW14448
BE34794,BE38342
EH59002,EH59002
BN361006,BN361006
BN400632,EF23181
CA44404,DB124601
EP89408,EP89408
ER45003,ER45003
CW1040009,CW1040009
EL78772,EL78772
CW946990,CW714074
EH797265,EH797265
CW1068164,CW1068164
EH1240973,EH665978
DR9960,DR9960
BE142587,BE142587
BL412660,BL412660
CW859082,CW859082
EH826965,EH826965
CW347825,CW135006
EH500893,EH500893
EH838109,EH838109
CW5571,CW44413
BY335387,BY335387
EH1020882,EH1020882
CW670099,CW670099
EH791155,EH791155
CW1123572,CW1123572
AL31300,AL31300
EH1055769,EH1055769
EH1142235,EH1142235
CW769709,CW566541
EH969335,EH969335
DE231866,DE120695
EH768042,EH768042
CW691419,CW691419
BY549788,BY549788
CW809104,CW809104
AL59603,AL59603
BL462929,BL462929
CW1059191,CW1059191
CW813200,CW813200
CW68447,CW109809
DT25360,DT25360
EH354274,EH354274
CW765122,CW1101312
CW763352,CW763352
CW781561,CW781561
CW228493,CW228493
BN301182,BN153815
EH779430,EH779430
AL135279,AL135279
CW340955,CW340955
AA152095,AA152095
DH39587,DH39587
BE110537,BE165276
EH990917,EH990917
DR56727,DR56727
DA116033,DA116033
AT29886,AT29886
CW533319,CW1264313
CW1188466,CW1188466
BH30069,BH30069
EH827052,EH827052
EH88008,EH88008
BY537612,BY537612
AK139487,AK139487
CG172991,CG172991
BY302486,BY302486
CW766636,CW985117
CW864325,CW864325
BY358533,BY358533
DL186795,DL186795
DC7221,DC7221
BN346746,BN346746
EH1100543,EH1278700
DE289947,DE289947
CE28172,CE28172
AL315247,AL315247
BK35252,BK35252
CW1122680,CW1122680
CW650354,CW716459
DL154192,DL154192
CW627604,CW627604
AA73652,AA73652
BL216838,BL216838
AT24189,AT24189
AN208423,AN208423
EG60411,EG60411
EL40929,EL40929
BY545031,BY545031
AX48309,AX48309
CW297866,CW168583
AN43178,AN43178
CW1007496,CW1007496
AG26639,AG26639
BD127041,BD127041
CW921594,CW921594
AA172275,AA172275
DN143827,DN143827
BE451374,BE451374
EH825212,EH825212
DB299091,DB299091
CW627281,CW627281
AN188397,AN188397
BY672187,BY672187
DD70685,DD70685
BL317565,BL317565
BD119027,BD119027
DB154508,DB154508
BH110159,BH110159
DD12956,DD12956
AX39858,AX39858
BN326948,BN326948
BH23887,BH23887
DK26163,EH392320
CJ19550,CJ19550
DP34486,DP34486
CH44462,CH44462
EH1024175,EH1024175
CW760689,CW760689
EH502842,EH502842
CC48474,CC48474
BN375192,BN375192
CC104394,CC104394
DL128412,DL128412
DT169061,DT169061
EH1124557,EH1124557
AX36314,AX36314
CW1159081,CW1159081
DB124360,DB124360
DB220341,DB220341
BN273680,CW304074
AL170787,AL170787
EH596565,EH738447
EH783528,EH783528
CW906610,CW906610
EH105773,EH105773
BN447936,BN447936
BH141939,BH141939
ED46050,ED46050
CW360662,CW2427
CW1109009,CW1104176
DF17575,DF17575
EF100978,EF100978
DH49878,DH65025
CC82330,CT46302
AM81665,AM81665
DB220984,DB220984
BY547768,BY547768
BM38912,BM38912
EH695471,EH695471
BN504142,BN504142
BW54910,DE11010
EH151765,AA88389
AW85301,AW85301
EF209846,EF209846
DB78682,CC68545
CS9193,CS9193
CW354492,CW354492
CW217855,CW217855
BL313655,BL313655
CW834964,CW834964
DA11305,DA11305
BR141330,BR141330
EH577760,EH577760
BN366793,BN366793
DE318603,DE318603
AM48344,AM48344
CW703249,CW464254
CG76944,CG70380
BY272025,BY431490
CJ7411,CJ7411
EH290899,EH290899
EH533617,EH533617
BZ66285,BZ66285
AA154095,AA154095
BY118451,BY23718
CF3800,CF3800
EH447929,EH447929
AN20427,AN20427
BM41128,BM41128
CW1139165,CW521786
BY714686,BY714686
DX21249,DX21249
CW321834,CW674274
BY127786,BY127786
CW1229118,CW1229118
AL236264,AL236264
BL378232,BL378232
AL235426,AL235426
CC48340,CC48340
AL83345,AL83345
AL295502,AL326808
AL91077,AL91077
EH872468,EH872468
EH826873,EH826873
BR132778,BR132778
CG133835,CG133835
BL377406,BL377406
AM89332,BD145180
DM15434,DM15434
DR102522,DR102522
BL436242,BL436242
CW656291,CW656291
CW483407,CW903838
BR187475,BR187475
EP100834,EP100834
CT45592,CT45592
BK36087,BK36087
DP34976,DP34976
BE128603,BE128603
EH592210,EH592210
AA23916,AA23916
EH546197,EH546197
CW113332,CW57075
CW764258,CW764258
DD215107,DD215107
BC54474,BC54474
BN399163,BN508646
BD58466,BD58466
CD14140,CD14140
BE247751,BE247751
DZ75012,DZ75012
DW41266,DW41266
EH974226,EH974226
AN114435,AN114435
BH168654,BH168654
CG66410,CG171058
DE276248,DE276248
EH948770,EH948770
CC71611,CC71611
CW51445,CW51445
BY596099,BY596099
CW984618,CW984618
EM101752,EM101752
BT12276,BT12276
BA8325,BA8325
BR172151,BR172151
AX23674,AX23674
DB189161,DB206373
CT37944,EH868352
EH745603,EH745603
CZ101485,CZ95757
AK97871,AK97871
EN37305,BY345261
CG108002,CG108002
DY37300,DY37300
AM37972,AF13274
AN222797,AN222797
CT28669,CT34088
BL493724,BL493724
CW643363,CW643363
DL256846,DL256846
AG35571,AG35571
EH970162,EH970162
CW274234,CW241655
AL18496,AL18496
DN100746,DN100746
DE310910,EH927410
BR193001,ER40280
CW765780,CW886013
EH916139,EH916139
AS60764,AS60764
CW1161543,CW1161543
CM52116,CM10202
AW175488,AW175488
BY230170,BY213372
AN151634,AN151634
BY503779,BY503779
AA79157,AA79157
EG20830,EG20830
AD17849,AD17849
DN58434,DN58434
BR193001,DN134266
EH1130636,EH1130636
DE226173,DE226173
EH420669,EH420669
EM96304,EM96304
EH833206,EH833206
BE199973,BE199973
AL9519,AL9519
BH152577,BH152577
EH312660,DH41534
CA70177,CA70177
EH1121041,EH1121041
DZ53986,DZ53986
EH262497,EH274604
AA171398,AA171398
ED9364,ED9364
CW729171,CW729171
DE298243,DE298243
DR119696,DR119696
DT42459,DT42459
BN50818,BN20132
DG32139,DG32139
BJ38256,BJ38256
CA105502,CA105502
BY739280,BY739280
CC129329,CC129329
DL162738,DL162738
CZ68930,CZ68930
EL79453,EL79453
BB99440,BB99440
CW696706,CW696706
EH52816,EH52816
AL59058,AL89257
BY575881,BY575881
BL476896,BL476896
CJ71199,CJ71199
BY269249,BY269249
BE72140,BE72140
BH152139,BH152139
CW162116,CW421589
CN12475,CN12475
BL152058,BL152058
AJ32366,AJ32366
DB246196,DB246196
DL212674,DL212674
DE230466,DE230466
EB64983,EB64983
BL421491,BL421491
EH834306,EH834306
AS60394,AS60394
BN467708,BN467708
EH970394,EH970394
AL150983,AL150983
CA66987,CW243008
EH938351,EH938351
BY350777,DE189522
EM108110,EM108110
DE210224,DE210224
AL218034,AL218034
AN98282,AN98282
DE136455,DE136455
BN479516,BN479516
DS102387,DH41256
AN187860,AN187860
CG164997,CG164997
CW927639,CW931581
AW183757,AW183757
DS103906,DS103906
CH15040,CH15040
EH540141,EH540141
AG35360,AG35360
AN195468,AN195468
BC8574,BC8574
BL475038,BL475038
BH151938,BH151938
BN238638,BN193558
CW997559,CW997559
BN419220,BN419220
DP26555,DP26555
CW569281,CC142154
DN109617,DH68056
CW1053338,CW1053338
AL177215,CC83624
CG34100,AW67979
CJ155446,CJ155446
CW5571,CW5571
BL502372,BL502372
CW851651,CW851651
BD136093,BD136093
CW920125,CW920125
AK80048,AK80048
EH1201587,EH1201587
CW814071,CW814071
CA117091,CA117091
AZ4459,AZ4459
CW841524,CW841524
BY613234,EH209810
BE291899,BE291899
BE342996,BE342996
CW264584,CW266247
BE54572,BE54572
BR164078,CC54185
BR194402,BR194402
CJ17480,CJ17480
CG136936,CG136936
AL293977,AL293977
DL221703,DL221703
CW168583,AJ15825
BE290293,BE290293
BY549634,BY549634
AK128553,AK128553
AF9912,AF17848
DE332313,DE332313
CW534844,CW534844
CJ122466,CJ122466
CA66987,AL193354
DB66664,DB66664
DW55606,DW55606
DR14096,DR14096
EH324104,EH688543
BL340846,BL340846
CW953633,CW953633
EH820789,EH820789
BR193001,BR193001
EF110381,EF110381
CW101613,CW101613
EH1203620,EH1203620
BL389967,BL389967
EH859681,EH859681
EH941534,EH903685
BA7953,BA7953
EL73317,EL73317
EH1056136,EH1056136
DL163921,DL163921
CG126400,CG126400
AA154704,AA64734
AL225148,AL225148
DB111847,DB111847
BY391488,BY391488
CW846197,CW846197
DB55499,DB55499
BY323909,BY323909
CW1256069,CW1256069
CW572556,CW590949
BY635826,BY635826
CW1232940,CW1232940
AX65621,AX65621
CW1166519,CW377484
CN39177,CN39177
AP74190,AP74190
CW650354,CW699893
DZ73901,DZ72906
AA160837,AA160837
AW210547,AW210547
AW119138,AW119138
EG23316,EG23316
CW234840,CW166027
BJ29560,BJ29560
ES3339,ES3339
EH834253,EH834253
BZ52278,BZ52278
BL351464,BL351464
AW120883,AW120883
DD145850,DD149737
AL204163,AL204163
AK9717,AK9717
BL519611,BL519611
CA103764,CA103764
DH48243,DD39293
CW277511,CW306622
BM61180,BM61180
AE20062,AE20062
DT168567,DT168567
EH835583,EH835583
EH989028,EH989028
CB66826,CB66826
EF200297,EF200297
EN53169,EN53169
DX44751,DX44751
EH299753,EH299753
AN176826,AN176826
EH371075,EH379319
EN71558,EN71558
BC49008,BC49008
DS73864,CW886013
AA173910,AA173910
BG33277,BG33277
BN140681,BN140681
DF16706,DF16706
